{"cameraMode":{"drawMode":0,"name":"Shaded","section":"Shading Mode"},"sceneLighting":false,"audioPlay":false,"sceneViewState":{"m_AlwaysRefresh":false,"showFog":true,"showSkybox":false,"showFlares":true,"showImageEffects":true,"showParticleSystems":true,"showVisualEffectGraphs":true,"m_FxEnabled":true},"in2DMode":false,"pivot":{"x":1.6351906061172486,"y":0.9515217542648315,"z":-0.4522067904472351},"rotation":{"x":0.09861508011817932,"y":-0.7217426300048828,"z":0.10391627997159958,"w":0.6771820187568665},"size":0.31053903698921206,"orthographic":false}