{"cameraMode":{"drawMode":0,"name":"Shaded","section":"Shading Mode"},"sceneLighting":false,"audioPlay":false,"sceneViewState":{"m_AlwaysRefresh":false,"showFog":true,"showSkybox":false,"showFlares":true,"showImageEffects":true,"showParticleSystems":true,"showVisualEffectGraphs":true,"m_FxEnabled":true},"in2DMode":false,"pivot":{"x":-0.6563655138015747,"y":-0.07225726544857025,"z":-0.09834331274032593},"rotation":{"x":-0.010782210156321526,"y":0.044665783643722537,"z":-0.0004874037695117295,"w":-0.9989491701126099},"size":0.7524477243423462,"orthographic":false}