{"cameraMode":{"drawMode":0,"name":"Shaded","section":"Shading Mode"},"sceneLighting":false,"audioPlay":false,"sceneViewState":{"m_AlwaysRefresh":false,"showFog":true,"showSkybox":false,"showFlares":true,"showImageEffects":true,"showParticleSystems":true,"showVisualEffectGraphs":true,"m_FxEnabled":true},"in2DMode":false,"pivot":{"x":-1.4257978200912476,"y":0.9101362228393555,"z":0.20526468753814698},"rotation":{"x":-0.11845633387565613,"y":-0.8365327715873718,"z":0.19966289401054383,"w":-0.4963163733482361},"size":0.7005215883255005,"orthographic":false}