Using pre-set license
Built from '2022.3/staging' branch; Version is '2022.3.44f1 (c3ae09b9f03c) revision 12824073'; Using compiler version '192829333'; Build Type 'Release'
OS: 'Windows 11  (10.0.22631) 64bit Professional' Language: 'es' Physical Memory: 65372 MB
BatchMode: 1, IsHumanControllingUs: 0, StartBugReporterOnCrash: 0, Is64bit: 1, IsPro: 1

COMMAND LINE ARGUMENTS:
C:\Program Files\Unity\Hub\Editor\2022.3.44f1\Editor\Unity.exe
-adb2
-batchMode
-noUpm
-name
AssetImportWorker2
-projectPath
E:/AluCiclesGS1/APB/No_git/Independent_projects/Whack-a-food
-logFile
Logs/AssetImportWorker2.log
-srvPort
58217
Successfully changed project path to: E:/AluCiclesGS1/APB/No_git/Independent_projects/Whack-a-food
E:/AluCiclesGS1/APB/No_git/Independent_projects/Whack-a-food
[UnityMemory] Configuration Parameters - Can be set up in boot.config
    "memorysetup-bucket-allocator-granularity=16"
    "memorysetup-bucket-allocator-bucket-count=8"
    "memorysetup-bucket-allocator-block-size=33554432"
    "memorysetup-bucket-allocator-block-count=8"
    "memorysetup-main-allocator-block-size=16777216"
    "memorysetup-thread-allocator-block-size=16777216"
    "memorysetup-gfx-main-allocator-block-size=16777216"
    "memorysetup-gfx-thread-allocator-block-size=16777216"
    "memorysetup-cache-allocator-block-size=4194304"
    "memorysetup-typetree-allocator-block-size=2097152"
    "memorysetup-profiler-bucket-allocator-granularity=16"
    "memorysetup-profiler-bucket-allocator-bucket-count=8"
    "memorysetup-profiler-bucket-allocator-block-size=33554432"
    "memorysetup-profiler-bucket-allocator-block-count=8"
    "memorysetup-profiler-allocator-block-size=16777216"
    "memorysetup-profiler-editor-allocator-block-size=1048576"
    "memorysetup-temp-allocator-size-main=16777216"
    "memorysetup-job-temp-allocator-block-size=2097152"
    "memorysetup-job-temp-allocator-block-size-background=1048576"
    "memorysetup-job-temp-allocator-reduction-small-platforms=262144"
    "memorysetup-allocator-temp-initial-block-size-main=262144"
    "memorysetup-allocator-temp-initial-block-size-worker=262144"
    "memorysetup-temp-allocator-size-background-worker=32768"
    "memorysetup-temp-allocator-size-job-worker=262144"
    "memorysetup-temp-allocator-size-preload-manager=33554432"
    "memorysetup-temp-allocator-size-nav-mesh-worker=65536"
    "memorysetup-temp-allocator-size-audio-worker=65536"
    "memorysetup-temp-allocator-size-cloud-worker=32768"
    "memorysetup-temp-allocator-size-gi-baking-worker=262144"
    "memorysetup-temp-allocator-size-gfx=262144"
Player connection [21368]  Target information:

Player connection [21368]  * "[IP] 10.30.30.32 [Port] 0 [Flags] 2 [Guid] 1777755171 [EditorId] 1777755171 [Version] 1048832 [Id] WindowsEditor(7,CFGS32) [Debug] 1 [PackageName] WindowsEditor [ProjectName] Editor" 

Player connection [21368]  * "[IP] 192.168.56.1 [Port] 0 [Flags] 2 [Guid] 1777755171 [EditorId] 1777755171 [Version] 1048832 [Id] WindowsEditor(7,CFGS32) [Debug] 1 [PackageName] WindowsEditor [ProjectName] Editor" 

Player connection [21368]  * "[IP] 172.23.192.1 [Port] 0 [Flags] 2 [Guid] 1777755171 [EditorId] 1777755171 [Version] 1048832 [Id] WindowsEditor(7,CFGS32) [Debug] 1 [PackageName] WindowsEditor [ProjectName] Editor" 

Player connection [21368] Host joined multi-casting on [225.0.0.222:54997]...
Player connection [21368] Host joined alternative multi-casting on [225.0.0.222:34997]...
[PhysX] Initialized MultithreadedTaskDispatcher with 24 workers.
Refreshing native plugins compatible for Editor in 2.46 ms, found 3 plugins.
Preloading 0 native plugins for Editor in 0.00 ms.
Initialize engine version: 2022.3.44f1 (c3ae09b9f03c)
[Subsystems] Discovering subsystems at path C:/Program Files/Unity/Hub/Editor/2022.3.44f1/Editor/Data/Resources/UnitySubsystems
[Subsystems] Discovering subsystems at path E:/AluCiclesGS1/APB/No_git/Independent_projects/Whack-a-food/Assets
GfxDevice: creating device client; threaded=0; jobified=0
Direct3D:
    Version:  Direct3D 11.0 [level 11.1]
    Renderer: NVIDIA GeForce RTX 3060 (ID=0x2504)
    Vendor:   NVIDIA
    VRAM:     12115 MB
    Driver:   32.0.15.6094
Initialize mono
Mono path[0] = 'C:/Program Files/Unity/Hub/Editor/2022.3.44f1/Editor/Data/Managed'
Mono path[1] = 'C:/Program Files/Unity/Hub/Editor/2022.3.44f1/Editor/Data/MonoBleedingEdge/lib/mono/unityjit-win32'
Mono config path = 'C:/Program Files/Unity/Hub/Editor/2022.3.44f1/Editor/Data/MonoBleedingEdge/etc'
Using monoOptions --debugger-agent=transport=dt_socket,embedding=1,server=y,suspend=n,address=127.0.0.1:56024
Begin MonoManager ReloadAssembly
Registering precompiled unity dll's ...
Register platform support module: C:/Program Files/Unity/Hub/Editor/2022.3.44f1/Editor/Data/PlaybackEngines/WebGLSupport/UnityEditor.WebGL.Extensions.dll
Register platform support module: C:/Program Files/Unity/Hub/Editor/2022.3.44f1/Editor/Data/PlaybackEngines/AndroidPlayer/UnityEditor.Android.Extensions.dll
Register platform support module: C:/Program Files/Unity/Hub/Editor/2022.3.44f1/Editor/Data/PlaybackEngines/WindowsStandaloneSupport/UnityEditor.WindowsStandalone.Extensions.dll
Registered in 0.004660 seconds.
- Loaded All Assemblies, in  0.230 seconds
Native extension for WindowsStandalone target not found
Native extension for Android target not found
Android Extension - Scanning For ADB Devices 203 ms
Native extension for WebGL target not found
Mono: successfully reloaded assembly
- Finished resetting the current domain, in  0.431 seconds
Domain Reload Profiling: 660ms
	BeginReloadAssembly (68ms)
		ExecutionOrderSort (0ms)
		DisableScriptedObjects (0ms)
		BackupInstance (0ms)
		ReleaseScriptingObjects (0ms)
		CreateAndSetChildDomain (0ms)
	RebuildCommonClasses (25ms)
	RebuildNativeTypeToScriptingClass (6ms)
	initialDomainReloadingComplete (38ms)
	LoadAllAssembliesAndSetupDomain (92ms)
		LoadAssemblies (68ms)
		RebuildTransferFunctionScriptingTraits (0ms)
		AnalyzeDomain (90ms)
			TypeCache.Refresh (89ms)
				TypeCache.ScanAssembly (80ms)
			ScanForSourceGeneratedMonoScriptInfo (0ms)
			ResolveRequiredComponents (0ms)
	FinalizeReload (432ms)
		ReleaseScriptCaches (0ms)
		RebuildScriptCaches (0ms)
		SetupLoadedEditorAssemblies (398ms)
			LogAssemblyErrors (0ms)
			InitializePlatformSupportModulesInManaged (265ms)
			SetLoadedEditorAssemblies (3ms)
			RefreshPlugins (0ms)
			BeforeProcessingInitializeOnLoad (1ms)
			ProcessInitializeOnLoadAttributes (88ms)
			ProcessInitializeOnLoadMethodAttributes (41ms)
			AfterProcessingInitializeOnLoad (0ms)
			EditorAssembliesLoaded (0ms)
		ExecutionOrderSort2 (0ms)
		AwakeInstancesAfterBackupRestoration (0ms)
========================================================================
Worker process is ready to serve import requests
Caller must complete domain reload
Begin MonoManager ReloadAssembly
- Loaded All Assemblies, in  0.628 seconds
Native extension for WindowsStandalone target not found
Native extension for Android target not found
Native extension for WebGL target not found
Mono: successfully reloaded assembly
- Finished resetting the current domain, in  0.384 seconds
Domain Reload Profiling: 1012ms
	BeginReloadAssembly (114ms)
		ExecutionOrderSort (0ms)
		DisableScriptedObjects (4ms)
		BackupInstance (0ms)
		ReleaseScriptingObjects (0ms)
		CreateAndSetChildDomain (14ms)
	RebuildCommonClasses (25ms)
	RebuildNativeTypeToScriptingClass (7ms)
	initialDomainReloadingComplete (25ms)
	LoadAllAssembliesAndSetupDomain (456ms)
		LoadAssemblies (319ms)
		RebuildTransferFunctionScriptingTraits (0ms)
		AnalyzeDomain (202ms)
			TypeCache.Refresh (176ms)
				TypeCache.ScanAssembly (157ms)
			ScanForSourceGeneratedMonoScriptInfo (21ms)
			ResolveRequiredComponents (4ms)
	FinalizeReload (385ms)
		ReleaseScriptCaches (0ms)
		RebuildScriptCaches (0ms)
		SetupLoadedEditorAssemblies (270ms)
			LogAssemblyErrors (0ms)
			InitializePlatformSupportModulesInManaged (12ms)
			SetLoadedEditorAssemblies (3ms)
			RefreshPlugins (0ms)
			BeforeProcessingInitializeOnLoad (35ms)
			ProcessInitializeOnLoadAttributes (202ms)
			ProcessInitializeOnLoadMethodAttributes (15ms)
			AfterProcessingInitializeOnLoad (3ms)
			EditorAssembliesLoaded (0ms)
		ExecutionOrderSort2 (0ms)
		AwakeInstancesAfterBackupRestoration (4ms)
Launched and connected shader compiler UnityShaderCompiler.exe after 0.07 seconds
Refreshing native plugins compatible for Editor in 1.43 ms, found 3 plugins.
Preloading 0 native plugins for Editor in 0.00 ms.
Unloading 3177 Unused Serialized files (Serialized files now loaded: 0)
Unloading 19 unused Assets / (54.6 KB). Loaded Objects now: 3646.
Memory consumption went from 124.9 MB to 124.8 MB.
Total: 4.437500 ms (FindLiveObjects: 0.271600 ms CreateObjectMapping: 0.173800 ms MarkObjects: 3.833400 ms  DeleteObjects: 0.155500 ms)

AssetImportParameters requested are different than current active one (requested -> active):
  custom:container-demuxer-ogg: 62fdf1f143b41e24485cea50d1cbac27 -> 
  custom:video-codec-MediaFoundation-h265: 746d11721c4dcdbdad8f713fa42b33f4 -> 
  custom:video-decoder-ogg-theora: a1e56fd34408186e4bbccfd4996cb3dc -> 
  custom:framework-win-MediaFoundation: 216162199b28c13a410421893ffa2e32 -> 
  custom:CustomObjectIndexerAttribute: 9a22284fe3817be447336de3de66b15e -> 
  custom:container-demuxer-webm: 4f35f7cbe854078d1ac9338744f61a02 -> 
  custom:scripting/monoscript/fileName/jjjj.cs: efb25e07c7eaa6e34e51bb8f2a345a77 -> 
  custom:container-muxer-webm: aa71ff27fc2769a1b78a27578f13a17b -> 
  custom:video-decoder-webm-vp8: 9c59270c3fd7afecdb556c50c9e8de78 -> 
  custom:SearchIndexIgnoredProperties: e643bd26f0fe6173181afceb89e7c659 -> 
  custom:AudioImporter_EditorPlatform: d09bf68614088b80899f8185d706f6e7 -> 
  custom:video-encoder-webm-vp8: eb34c28f22e8b96e1ab97ce403110664 -> 
  custom:audio-decoder-ogg-vorbis: bf7c407c2cedff20999df2af8eb42d56 -> 
  custom:audio-encoder-webm-vorbis: bf7c407c2cedff20999df2af8eb42d56 -> 
========================================================================
Received Prepare
Caller must complete domain reload
Begin MonoManager ReloadAssembly
- Loaded All Assemblies, in  0.275 seconds
Native extension for WindowsStandalone target not found
Native extension for Android target not found
Native extension for WebGL target not found
Mono: successfully reloaded assembly
- Finished resetting the current domain, in  0.464 seconds
Domain Reload Profiling: 739ms
	BeginReloadAssembly (104ms)
		ExecutionOrderSort (0ms)
		DisableScriptedObjects (3ms)
		BackupInstance (0ms)
		ReleaseScriptingObjects (0ms)
		CreateAndSetChildDomain (22ms)
	RebuildCommonClasses (24ms)
	RebuildNativeTypeToScriptingClass (7ms)
	initialDomainReloadingComplete (17ms)
	LoadAllAssembliesAndSetupDomain (123ms)
		LoadAssemblies (168ms)
		RebuildTransferFunctionScriptingTraits (0ms)
		AnalyzeDomain (11ms)
			TypeCache.Refresh (5ms)
				TypeCache.ScanAssembly (0ms)
			ScanForSourceGeneratedMonoScriptInfo (0ms)
			ResolveRequiredComponents (4ms)
	FinalizeReload (465ms)
		ReleaseScriptCaches (0ms)
		RebuildScriptCaches (0ms)
		SetupLoadedEditorAssemblies (248ms)
			LogAssemblyErrors (0ms)
			InitializePlatformSupportModulesInManaged (11ms)
			SetLoadedEditorAssemblies (3ms)
			RefreshPlugins (0ms)
			BeforeProcessingInitializeOnLoad (35ms)
			ProcessInitializeOnLoadAttributes (177ms)
			ProcessInitializeOnLoadMethodAttributes (18ms)
			AfterProcessingInitializeOnLoad (3ms)
			EditorAssembliesLoaded (0ms)
		ExecutionOrderSort2 (0ms)
		AwakeInstancesAfterBackupRestoration (5ms)
Refreshing native plugins compatible for Editor in 1.05 ms, found 3 plugins.
Preloading 0 native plugins for Editor in 0.00 ms.
Unloading 3156 Unused Serialized files (Serialized files now loaded: 0)
Unloading 14 unused Assets / (28.5 KB). Loaded Objects now: 3649.
Memory consumption went from 120.7 MB to 120.7 MB.
Total: 2.132000 ms (FindLiveObjects: 0.177000 ms CreateObjectMapping: 0.064300 ms MarkObjects: 1.858100 ms  DeleteObjects: 0.031700 ms)

Prepare: number of updated asset objects reloaded= 0
AssetImportParameters requested are different than current active one (requested -> active):
  custom:container-demuxer-ogg: 62fdf1f143b41e24485cea50d1cbac27 -> 
  custom:video-codec-MediaFoundation-h265: 746d11721c4dcdbdad8f713fa42b33f4 -> 
  custom:video-decoder-ogg-theora: a1e56fd34408186e4bbccfd4996cb3dc -> 
  custom:framework-win-MediaFoundation: 216162199b28c13a410421893ffa2e32 -> 
  custom:CustomObjectIndexerAttribute: 9a22284fe3817be447336de3de66b15e -> 
  custom:container-demuxer-webm: 4f35f7cbe854078d1ac9338744f61a02 -> 
  custom:scripting/monoscript/fileName/jjjj.cs: efb25e07c7eaa6e34e51bb8f2a345a77 -> 
  custom:container-muxer-webm: aa71ff27fc2769a1b78a27578f13a17b -> 
  custom:video-decoder-webm-vp8: 9c59270c3fd7afecdb556c50c9e8de78 -> 
  custom:SearchIndexIgnoredProperties: e643bd26f0fe6173181afceb89e7c659 -> 
  custom:AudioImporter_EditorPlatform: d09bf68614088b80899f8185d706f6e7 -> 
  custom:video-encoder-webm-vp8: eb34c28f22e8b96e1ab97ce403110664 -> 
  custom:audio-decoder-ogg-vorbis: bf7c407c2cedff20999df2af8eb42d56 -> 
  custom:audio-encoder-webm-vorbis: bf7c407c2cedff20999df2af8eb42d56 -> 
========================================================================
Received Prepare
Caller must complete domain reload
Begin MonoManager ReloadAssembly
- Loaded All Assemblies, in  0.255 seconds
Native extension for WindowsStandalone target not found
Native extension for Android target not found
Native extension for WebGL target not found
Mono: successfully reloaded assembly
- Finished resetting the current domain, in  0.493 seconds
Domain Reload Profiling: 748ms
	BeginReloadAssembly (96ms)
		ExecutionOrderSort (0ms)
		DisableScriptedObjects (3ms)
		BackupInstance (0ms)
		ReleaseScriptingObjects (0ms)
		CreateAndSetChildDomain (17ms)
	RebuildCommonClasses (22ms)
	RebuildNativeTypeToScriptingClass (7ms)
	initialDomainReloadingComplete (16ms)
	LoadAllAssembliesAndSetupDomain (115ms)
		LoadAssemblies (153ms)
		RebuildTransferFunctionScriptingTraits (0ms)
		AnalyzeDomain (15ms)
			TypeCache.Refresh (6ms)
				TypeCache.ScanAssembly (0ms)
			ScanForSourceGeneratedMonoScriptInfo (4ms)
			ResolveRequiredComponents (4ms)
	FinalizeReload (494ms)
		ReleaseScriptCaches (0ms)
		RebuildScriptCaches (0ms)
		SetupLoadedEditorAssemblies (289ms)
			LogAssemblyErrors (0ms)
			InitializePlatformSupportModulesInManaged (13ms)
			SetLoadedEditorAssemblies (3ms)
			RefreshPlugins (0ms)
			BeforeProcessingInitializeOnLoad (39ms)
			ProcessInitializeOnLoadAttributes (212ms)
			ProcessInitializeOnLoadMethodAttributes (18ms)
			AfterProcessingInitializeOnLoad (3ms)
			EditorAssembliesLoaded (0ms)
		ExecutionOrderSort2 (0ms)
		AwakeInstancesAfterBackupRestoration (5ms)
Refreshing native plugins compatible for Editor in 1.36 ms, found 3 plugins.
Preloading 0 native plugins for Editor in 0.00 ms.
Unloading 3156 Unused Serialized files (Serialized files now loaded: 0)
Unloading 14 unused Assets / (28.5 KB). Loaded Objects now: 3652.
Memory consumption went from 120.7 MB to 120.7 MB.
Total: 2.282100 ms (FindLiveObjects: 0.167200 ms CreateObjectMapping: 0.066500 ms MarkObjects: 2.016700 ms  DeleteObjects: 0.031000 ms)

Prepare: number of updated asset objects reloaded= 0
AssetImportParameters requested are different than current active one (requested -> active):
  custom:container-demuxer-ogg: 62fdf1f143b41e24485cea50d1cbac27 -> 
  custom:video-codec-MediaFoundation-h265: 746d11721c4dcdbdad8f713fa42b33f4 -> 
  custom:video-decoder-ogg-theora: a1e56fd34408186e4bbccfd4996cb3dc -> 
  custom:framework-win-MediaFoundation: 216162199b28c13a410421893ffa2e32 -> 
  custom:CustomObjectIndexerAttribute: 9a22284fe3817be447336de3de66b15e -> 
  custom:container-demuxer-webm: 4f35f7cbe854078d1ac9338744f61a02 -> 
  custom:scripting/monoscript/fileName/jjjj.cs: efb25e07c7eaa6e34e51bb8f2a345a77 -> 
  custom:container-muxer-webm: aa71ff27fc2769a1b78a27578f13a17b -> 
  custom:video-decoder-webm-vp8: 9c59270c3fd7afecdb556c50c9e8de78 -> 
  custom:SearchIndexIgnoredProperties: e643bd26f0fe6173181afceb89e7c659 -> 
  custom:AudioImporter_EditorPlatform: d09bf68614088b80899f8185d706f6e7 -> 
  custom:video-encoder-webm-vp8: eb34c28f22e8b96e1ab97ce403110664 -> 
  custom:audio-decoder-ogg-vorbis: bf7c407c2cedff20999df2af8eb42d56 -> 
  custom:audio-encoder-webm-vorbis: bf7c407c2cedff20999df2af8eb42d56 -> 
========================================================================
Received Prepare
Caller must complete domain reload
Begin MonoManager ReloadAssembly
- Loaded All Assemblies, in  0.260 seconds
Native extension for WindowsStandalone target not found
Native extension for Android target not found
Native extension for WebGL target not found
Mono: successfully reloaded assembly
- Finished resetting the current domain, in  0.516 seconds
Domain Reload Profiling: 775ms
	BeginReloadAssembly (97ms)
		ExecutionOrderSort (0ms)
		DisableScriptedObjects (3ms)
		BackupInstance (0ms)
		ReleaseScriptingObjects (0ms)
		CreateAndSetChildDomain (17ms)
	RebuildCommonClasses (19ms)
	RebuildNativeTypeToScriptingClass (6ms)
	initialDomainReloadingComplete (16ms)
	LoadAllAssembliesAndSetupDomain (120ms)
		LoadAssemblies (157ms)
		RebuildTransferFunctionScriptingTraits (0ms)
		AnalyzeDomain (16ms)
			TypeCache.Refresh (6ms)
				TypeCache.ScanAssembly (0ms)
			ScanForSourceGeneratedMonoScriptInfo (4ms)
			ResolveRequiredComponents (3ms)
	FinalizeReload (516ms)
		ReleaseScriptCaches (0ms)
		RebuildScriptCaches (0ms)
		SetupLoadedEditorAssemblies (298ms)
			LogAssemblyErrors (0ms)
			InitializePlatformSupportModulesInManaged (14ms)
			SetLoadedEditorAssemblies (4ms)
			RefreshPlugins (0ms)
			BeforeProcessingInitializeOnLoad (48ms)
			ProcessInitializeOnLoadAttributes (211ms)
			ProcessInitializeOnLoadMethodAttributes (18ms)
			AfterProcessingInitializeOnLoad (4ms)
			EditorAssembliesLoaded (0ms)
		ExecutionOrderSort2 (0ms)
		AwakeInstancesAfterBackupRestoration (6ms)
Refreshing native plugins compatible for Editor in 1.10 ms, found 3 plugins.
Preloading 0 native plugins for Editor in 0.00 ms.
Unloading 3156 Unused Serialized files (Serialized files now loaded: 0)
Unloading 14 unused Assets / (28.6 KB). Loaded Objects now: 3655.
Memory consumption went from 120.7 MB to 120.7 MB.
Total: 2.379000 ms (FindLiveObjects: 0.288900 ms CreateObjectMapping: 0.149800 ms MarkObjects: 1.909800 ms  DeleteObjects: 0.029800 ms)

Prepare: number of updated asset objects reloaded= 0
AssetImportParameters requested are different than current active one (requested -> active):
  custom:container-demuxer-ogg: 62fdf1f143b41e24485cea50d1cbac27 -> 
  custom:video-codec-MediaFoundation-h265: 746d11721c4dcdbdad8f713fa42b33f4 -> 
  custom:video-decoder-ogg-theora: a1e56fd34408186e4bbccfd4996cb3dc -> 
  custom:framework-win-MediaFoundation: 216162199b28c13a410421893ffa2e32 -> 
  custom:CustomObjectIndexerAttribute: 9a22284fe3817be447336de3de66b15e -> 
  custom:container-demuxer-webm: 4f35f7cbe854078d1ac9338744f61a02 -> 
  custom:scripting/monoscript/fileName/jjjj.cs: efb25e07c7eaa6e34e51bb8f2a345a77 -> 
  custom:container-muxer-webm: aa71ff27fc2769a1b78a27578f13a17b -> 
  custom:video-decoder-webm-vp8: 9c59270c3fd7afecdb556c50c9e8de78 -> 
  custom:SearchIndexIgnoredProperties: e643bd26f0fe6173181afceb89e7c659 -> 
  custom:AudioImporter_EditorPlatform: d09bf68614088b80899f8185d706f6e7 -> 
  custom:video-encoder-webm-vp8: eb34c28f22e8b96e1ab97ce403110664 -> 
  custom:audio-decoder-ogg-vorbis: bf7c407c2cedff20999df2af8eb42d56 -> 
  custom:audio-encoder-webm-vorbis: bf7c407c2cedff20999df2af8eb42d56 -> 
========================================================================
Received Prepare
Caller must complete domain reload
Begin MonoManager ReloadAssembly
- Loaded All Assemblies, in  0.254 seconds
Native extension for WindowsStandalone target not found
Native extension for Android target not found
Native extension for WebGL target not found
Mono: successfully reloaded assembly
- Finished resetting the current domain, in  0.496 seconds
Domain Reload Profiling: 750ms
	BeginReloadAssembly (95ms)
		ExecutionOrderSort (0ms)
		DisableScriptedObjects (5ms)
		BackupInstance (0ms)
		ReleaseScriptingObjects (0ms)
		CreateAndSetChildDomain (17ms)
	RebuildCommonClasses (19ms)
	RebuildNativeTypeToScriptingClass (7ms)
	initialDomainReloadingComplete (16ms)
	LoadAllAssembliesAndSetupDomain (116ms)
		LoadAssemblies (152ms)
		RebuildTransferFunctionScriptingTraits (0ms)
		AnalyzeDomain (15ms)
			TypeCache.Refresh (7ms)
				TypeCache.ScanAssembly (0ms)
			ScanForSourceGeneratedMonoScriptInfo (4ms)
			ResolveRequiredComponents (3ms)
	FinalizeReload (496ms)
		ReleaseScriptCaches (0ms)
		RebuildScriptCaches (0ms)
		SetupLoadedEditorAssemblies (290ms)
			LogAssemblyErrors (0ms)
			InitializePlatformSupportModulesInManaged (13ms)
			SetLoadedEditorAssemblies (3ms)
			RefreshPlugins (0ms)
			BeforeProcessingInitializeOnLoad (42ms)
			ProcessInitializeOnLoadAttributes (212ms)
			ProcessInitializeOnLoadMethodAttributes (16ms)
			AfterProcessingInitializeOnLoad (4ms)
			EditorAssembliesLoaded (0ms)
		ExecutionOrderSort2 (0ms)
		AwakeInstancesAfterBackupRestoration (5ms)
Refreshing native plugins compatible for Editor in 1.01 ms, found 3 plugins.
Preloading 0 native plugins for Editor in 0.00 ms.
Unloading 3156 Unused Serialized files (Serialized files now loaded: 0)
Unloading 14 unused Assets / (28.6 KB). Loaded Objects now: 3658.
Memory consumption went from 120.7 MB to 120.7 MB.
Total: 2.267300 ms (FindLiveObjects: 0.165600 ms CreateObjectMapping: 0.062700 ms MarkObjects: 2.007000 ms  DeleteObjects: 0.031200 ms)

Prepare: number of updated asset objects reloaded= 0
AssetImportParameters requested are different than current active one (requested -> active):
  custom:container-demuxer-ogg: 62fdf1f143b41e24485cea50d1cbac27 -> 
  custom:video-codec-MediaFoundation-h265: 746d11721c4dcdbdad8f713fa42b33f4 -> 
  custom:video-decoder-ogg-theora: a1e56fd34408186e4bbccfd4996cb3dc -> 
  custom:framework-win-MediaFoundation: 216162199b28c13a410421893ffa2e32 -> 
  custom:CustomObjectIndexerAttribute: 9a22284fe3817be447336de3de66b15e -> 
  custom:container-demuxer-webm: 4f35f7cbe854078d1ac9338744f61a02 -> 
  custom:scripting/monoscript/fileName/jjjj.cs: efb25e07c7eaa6e34e51bb8f2a345a77 -> 
  custom:container-muxer-webm: aa71ff27fc2769a1b78a27578f13a17b -> 
  custom:video-decoder-webm-vp8: 9c59270c3fd7afecdb556c50c9e8de78 -> 
  custom:SearchIndexIgnoredProperties: e643bd26f0fe6173181afceb89e7c659 -> 
  custom:AudioImporter_EditorPlatform: d09bf68614088b80899f8185d706f6e7 -> 
  custom:video-encoder-webm-vp8: eb34c28f22e8b96e1ab97ce403110664 -> 
  custom:audio-decoder-ogg-vorbis: bf7c407c2cedff20999df2af8eb42d56 -> 
  custom:audio-encoder-webm-vorbis: bf7c407c2cedff20999df2af8eb42d56 -> 
========================================================================
Received Prepare
Caller must complete domain reload
Begin MonoManager ReloadAssembly
- Loaded All Assemblies, in  0.245 seconds
Native extension for WindowsStandalone target not found
Native extension for Android target not found
Native extension for WebGL target not found
Mono: successfully reloaded assembly
- Finished resetting the current domain, in  0.424 seconds
Domain Reload Profiling: 669ms
	BeginReloadAssembly (94ms)
		ExecutionOrderSort (0ms)
		DisableScriptedObjects (3ms)
		BackupInstance (0ms)
		ReleaseScriptingObjects (0ms)
		CreateAndSetChildDomain (17ms)
	RebuildCommonClasses (19ms)
	RebuildNativeTypeToScriptingClass (6ms)
	initialDomainReloadingComplete (16ms)
	LoadAllAssembliesAndSetupDomain (110ms)
		LoadAssemblies (151ms)
		RebuildTransferFunctionScriptingTraits (0ms)
		AnalyzeDomain (11ms)
			TypeCache.Refresh (6ms)
				TypeCache.ScanAssembly (0ms)
			ScanForSourceGeneratedMonoScriptInfo (0ms)
			ResolveRequiredComponents (4ms)
	FinalizeReload (424ms)
		ReleaseScriptCaches (0ms)
		RebuildScriptCaches (0ms)
		SetupLoadedEditorAssemblies (236ms)
			LogAssemblyErrors (0ms)
			InitializePlatformSupportModulesInManaged (13ms)
			SetLoadedEditorAssemblies (3ms)
			RefreshPlugins (0ms)
			BeforeProcessingInitializeOnLoad (35ms)
			ProcessInitializeOnLoadAttributes (166ms)
			ProcessInitializeOnLoadMethodAttributes (15ms)
			AfterProcessingInitializeOnLoad (4ms)
			EditorAssembliesLoaded (0ms)
		ExecutionOrderSort2 (0ms)
		AwakeInstancesAfterBackupRestoration (5ms)
Refreshing native plugins compatible for Editor in 0.83 ms, found 3 plugins.
Preloading 0 native plugins for Editor in 0.00 ms.
Unloading 3156 Unused Serialized files (Serialized files now loaded: 0)
Unloading 14 unused Assets / (28.6 KB). Loaded Objects now: 3661.
Memory consumption went from 120.7 MB to 120.7 MB.
Total: 2.124700 ms (FindLiveObjects: 0.149800 ms CreateObjectMapping: 0.062500 ms MarkObjects: 1.883200 ms  DeleteObjects: 0.028400 ms)

Prepare: number of updated asset objects reloaded= 0
AssetImportParameters requested are different than current active one (requested -> active):
  custom:container-demuxer-ogg: 62fdf1f143b41e24485cea50d1cbac27 -> 
  custom:video-codec-MediaFoundation-h265: 746d11721c4dcdbdad8f713fa42b33f4 -> 
  custom:video-decoder-ogg-theora: a1e56fd34408186e4bbccfd4996cb3dc -> 
  custom:framework-win-MediaFoundation: 216162199b28c13a410421893ffa2e32 -> 
  custom:CustomObjectIndexerAttribute: 9a22284fe3817be447336de3de66b15e -> 
  custom:container-demuxer-webm: 4f35f7cbe854078d1ac9338744f61a02 -> 
  custom:scripting/monoscript/fileName/jjjj.cs: efb25e07c7eaa6e34e51bb8f2a345a77 -> 
  custom:container-muxer-webm: aa71ff27fc2769a1b78a27578f13a17b -> 
  custom:video-decoder-webm-vp8: 9c59270c3fd7afecdb556c50c9e8de78 -> 
  custom:SearchIndexIgnoredProperties: e643bd26f0fe6173181afceb89e7c659 -> 
  custom:AudioImporter_EditorPlatform: d09bf68614088b80899f8185d706f6e7 -> 
  custom:video-encoder-webm-vp8: eb34c28f22e8b96e1ab97ce403110664 -> 
  custom:audio-decoder-ogg-vorbis: bf7c407c2cedff20999df2af8eb42d56 -> 
  custom:audio-encoder-webm-vorbis: bf7c407c2cedff20999df2af8eb42d56 -> 
========================================================================
Received Prepare
Caller must complete domain reload
Begin MonoManager ReloadAssembly
- Loaded All Assemblies, in  0.389 seconds
Native extension for WindowsStandalone target not found
Native extension for Android target not found
Native extension for WebGL target not found
Mono: successfully reloaded assembly
- Finished resetting the current domain, in  0.835 seconds
Domain Reload Profiling: 1222ms
	BeginReloadAssembly (129ms)
		ExecutionOrderSort (0ms)
		DisableScriptedObjects (5ms)
		BackupInstance (0ms)
		ReleaseScriptingObjects (0ms)
		CreateAndSetChildDomain (24ms)
	RebuildCommonClasses (34ms)
	RebuildNativeTypeToScriptingClass (12ms)
	initialDomainReloadingComplete (26ms)
	LoadAllAssembliesAndSetupDomain (185ms)
		LoadAssemblies (249ms)
		RebuildTransferFunctionScriptingTraits (0ms)
		AnalyzeDomain (16ms)
			TypeCache.Refresh (8ms)
				TypeCache.ScanAssembly (0ms)
			ScanForSourceGeneratedMonoScriptInfo (0ms)
			ResolveRequiredComponents (7ms)
	FinalizeReload (835ms)
		ReleaseScriptCaches (0ms)
		RebuildScriptCaches (0ms)
		SetupLoadedEditorAssemblies (448ms)
			LogAssemblyErrors (0ms)
			InitializePlatformSupportModulesInManaged (21ms)
			SetLoadedEditorAssemblies (5ms)
			RefreshPlugins (0ms)
			BeforeProcessingInitializeOnLoad (68ms)
			ProcessInitializeOnLoadAttributes (321ms)
			ProcessInitializeOnLoadMethodAttributes (25ms)
			AfterProcessingInitializeOnLoad (8ms)
			EditorAssembliesLoaded (0ms)
		ExecutionOrderSort2 (0ms)
		AwakeInstancesAfterBackupRestoration (9ms)
Refreshing native plugins compatible for Editor in 1.81 ms, found 3 plugins.
Preloading 0 native plugins for Editor in 0.00 ms.
Unloading 3156 Unused Serialized files (Serialized files now loaded: 0)
Unloading 14 unused Assets / (28.6 KB). Loaded Objects now: 3664.
Memory consumption went from 120.8 MB to 120.7 MB.
Total: 3.119000 ms (FindLiveObjects: 0.403700 ms CreateObjectMapping: 0.141600 ms MarkObjects: 2.536300 ms  DeleteObjects: 0.036500 ms)

Prepare: number of updated asset objects reloaded= 0
AssetImportParameters requested are different than current active one (requested -> active):
  custom:container-demuxer-ogg: 62fdf1f143b41e24485cea50d1cbac27 -> 
  custom:video-codec-MediaFoundation-h265: 746d11721c4dcdbdad8f713fa42b33f4 -> 
  custom:video-decoder-ogg-theora: a1e56fd34408186e4bbccfd4996cb3dc -> 
  custom:framework-win-MediaFoundation: 216162199b28c13a410421893ffa2e32 -> 
  custom:CustomObjectIndexerAttribute: 9a22284fe3817be447336de3de66b15e -> 
  custom:container-demuxer-webm: 4f35f7cbe854078d1ac9338744f61a02 -> 
  custom:scripting/monoscript/fileName/jjjj.cs: efb25e07c7eaa6e34e51bb8f2a345a77 -> 
  custom:container-muxer-webm: aa71ff27fc2769a1b78a27578f13a17b -> 
  custom:video-decoder-webm-vp8: 9c59270c3fd7afecdb556c50c9e8de78 -> 
  custom:SearchIndexIgnoredProperties: e643bd26f0fe6173181afceb89e7c659 -> 
  custom:AudioImporter_EditorPlatform: d09bf68614088b80899f8185d706f6e7 -> 
  custom:video-encoder-webm-vp8: eb34c28f22e8b96e1ab97ce403110664 -> 
  custom:audio-decoder-ogg-vorbis: bf7c407c2cedff20999df2af8eb42d56 -> 
  custom:audio-encoder-webm-vorbis: bf7c407c2cedff20999df2af8eb42d56 -> 
========================================================================
Received Prepare
Caller must complete domain reload
Begin MonoManager ReloadAssembly
- Loaded All Assemblies, in  0.254 seconds
Native extension for WindowsStandalone target not found
Native extension for Android target not found
Native extension for WebGL target not found
Mono: successfully reloaded assembly
- Finished resetting the current domain, in  0.418 seconds
Domain Reload Profiling: 671ms
	BeginReloadAssembly (90ms)
		ExecutionOrderSort (0ms)
		DisableScriptedObjects (3ms)
		BackupInstance (0ms)
		ReleaseScriptingObjects (0ms)
		CreateAndSetChildDomain (16ms)
	RebuildCommonClasses (18ms)
	RebuildNativeTypeToScriptingClass (11ms)
	initialDomainReloadingComplete (17ms)
	LoadAllAssembliesAndSetupDomain (116ms)
		LoadAssemblies (149ms)
		RebuildTransferFunctionScriptingTraits (0ms)
		AnalyzeDomain (16ms)
			TypeCache.Refresh (8ms)
				TypeCache.ScanAssembly (1ms)
			ScanForSourceGeneratedMonoScriptInfo (4ms)
			ResolveRequiredComponents (4ms)
	FinalizeReload (418ms)
		ReleaseScriptCaches (0ms)
		RebuildScriptCaches (0ms)
		SetupLoadedEditorAssemblies (231ms)
			LogAssemblyErrors (0ms)
			InitializePlatformSupportModulesInManaged (11ms)
			SetLoadedEditorAssemblies (3ms)
			RefreshPlugins (0ms)
			BeforeProcessingInitializeOnLoad (36ms)
			ProcessInitializeOnLoadAttributes (166ms)
			ProcessInitializeOnLoadMethodAttributes (12ms)
			AfterProcessingInitializeOnLoad (3ms)
			EditorAssembliesLoaded (0ms)
		ExecutionOrderSort2 (0ms)
		AwakeInstancesAfterBackupRestoration (4ms)
Refreshing native plugins compatible for Editor in 0.84 ms, found 3 plugins.
Preloading 0 native plugins for Editor in 0.00 ms.
Unloading 3156 Unused Serialized files (Serialized files now loaded: 0)
Unloading 14 unused Assets / (28.6 KB). Loaded Objects now: 3667.
Memory consumption went from 120.8 MB to 120.7 MB.
Total: 2.545800 ms (FindLiveObjects: 0.158500 ms CreateObjectMapping: 0.065900 ms MarkObjects: 2.291500 ms  DeleteObjects: 0.028400 ms)

Prepare: number of updated asset objects reloaded= 0
AssetImportParameters requested are different than current active one (requested -> active):
  custom:container-demuxer-ogg: 62fdf1f143b41e24485cea50d1cbac27 -> 
  custom:video-codec-MediaFoundation-h265: 746d11721c4dcdbdad8f713fa42b33f4 -> 
  custom:video-decoder-ogg-theora: a1e56fd34408186e4bbccfd4996cb3dc -> 
  custom:framework-win-MediaFoundation: 216162199b28c13a410421893ffa2e32 -> 
  custom:CustomObjectIndexerAttribute: 9a22284fe3817be447336de3de66b15e -> 
  custom:container-demuxer-webm: 4f35f7cbe854078d1ac9338744f61a02 -> 
  custom:scripting/monoscript/fileName/jjjj.cs: efb25e07c7eaa6e34e51bb8f2a345a77 -> 
  custom:container-muxer-webm: aa71ff27fc2769a1b78a27578f13a17b -> 
  custom:video-decoder-webm-vp8: 9c59270c3fd7afecdb556c50c9e8de78 -> 
  custom:SearchIndexIgnoredProperties: e643bd26f0fe6173181afceb89e7c659 -> 
  custom:AudioImporter_EditorPlatform: d09bf68614088b80899f8185d706f6e7 -> 
  custom:video-encoder-webm-vp8: eb34c28f22e8b96e1ab97ce403110664 -> 
  custom:audio-decoder-ogg-vorbis: bf7c407c2cedff20999df2af8eb42d56 -> 
  custom:audio-encoder-webm-vorbis: bf7c407c2cedff20999df2af8eb42d56 -> 
========================================================================
Received Prepare
Caller must complete domain reload
Begin MonoManager ReloadAssembly
- Loaded All Assemblies, in  0.249 seconds
Native extension for WindowsStandalone target not found
Native extension for Android target not found
Native extension for WebGL target not found
Mono: successfully reloaded assembly
- Finished resetting the current domain, in  0.422 seconds
Domain Reload Profiling: 671ms
	BeginReloadAssembly (93ms)
		ExecutionOrderSort (0ms)
		DisableScriptedObjects (3ms)
		BackupInstance (0ms)
		ReleaseScriptingObjects (0ms)
		CreateAndSetChildDomain (18ms)
	RebuildCommonClasses (18ms)
	RebuildNativeTypeToScriptingClass (6ms)
	initialDomainReloadingComplete (16ms)
	LoadAllAssembliesAndSetupDomain (114ms)
		LoadAssemblies (155ms)
		RebuildTransferFunctionScriptingTraits (0ms)
		AnalyzeDomain (9ms)
			TypeCache.Refresh (4ms)
				TypeCache.ScanAssembly (0ms)
			ScanForSourceGeneratedMonoScriptInfo (0ms)
			ResolveRequiredComponents (3ms)
	FinalizeReload (423ms)
		ReleaseScriptCaches (0ms)
		RebuildScriptCaches (0ms)
		SetupLoadedEditorAssemblies (233ms)
			LogAssemblyErrors (0ms)
			InitializePlatformSupportModulesInManaged (11ms)
			SetLoadedEditorAssemblies (3ms)
			RefreshPlugins (0ms)
			BeforeProcessingInitializeOnLoad (34ms)
			ProcessInitializeOnLoadAttributes (168ms)
			ProcessInitializeOnLoadMethodAttributes (14ms)
			AfterProcessingInitializeOnLoad (3ms)
			EditorAssembliesLoaded (0ms)
		ExecutionOrderSort2 (0ms)
		AwakeInstancesAfterBackupRestoration (5ms)
Refreshing native plugins compatible for Editor in 0.87 ms, found 3 plugins.
Preloading 0 native plugins for Editor in 0.00 ms.
Unloading 3156 Unused Serialized files (Serialized files now loaded: 0)
Unloading 14 unused Assets / (28.6 KB). Loaded Objects now: 3670.
Memory consumption went from 120.8 MB to 120.7 MB.
Total: 2.049300 ms (FindLiveObjects: 0.154200 ms CreateObjectMapping: 0.061000 ms MarkObjects: 1.805300 ms  DeleteObjects: 0.028100 ms)

Prepare: number of updated asset objects reloaded= 0
AssetImportParameters requested are different than current active one (requested -> active):
  custom:container-demuxer-ogg: 62fdf1f143b41e24485cea50d1cbac27 -> 
  custom:video-codec-MediaFoundation-h265: 746d11721c4dcdbdad8f713fa42b33f4 -> 
  custom:video-decoder-ogg-theora: a1e56fd34408186e4bbccfd4996cb3dc -> 
  custom:framework-win-MediaFoundation: 216162199b28c13a410421893ffa2e32 -> 
  custom:CustomObjectIndexerAttribute: 9a22284fe3817be447336de3de66b15e -> 
  custom:container-demuxer-webm: 4f35f7cbe854078d1ac9338744f61a02 -> 
  custom:scripting/monoscript/fileName/jjjj.cs: efb25e07c7eaa6e34e51bb8f2a345a77 -> 
  custom:container-muxer-webm: aa71ff27fc2769a1b78a27578f13a17b -> 
  custom:video-decoder-webm-vp8: 9c59270c3fd7afecdb556c50c9e8de78 -> 
  custom:SearchIndexIgnoredProperties: e643bd26f0fe6173181afceb89e7c659 -> 
  custom:AudioImporter_EditorPlatform: d09bf68614088b80899f8185d706f6e7 -> 
  custom:video-encoder-webm-vp8: eb34c28f22e8b96e1ab97ce403110664 -> 
  custom:audio-decoder-ogg-vorbis: bf7c407c2cedff20999df2af8eb42d56 -> 
  custom:audio-encoder-webm-vorbis: bf7c407c2cedff20999df2af8eb42d56 -> 
========================================================================
Received Prepare
Caller must complete domain reload
Begin MonoManager ReloadAssembly
- Loaded All Assemblies, in  0.442 seconds
Native extension for WindowsStandalone target not found
Native extension for Android target not found
Native extension for WebGL target not found
Mono: successfully reloaded assembly
- Finished resetting the current domain, in  0.870 seconds
Domain Reload Profiling: 1310ms
	BeginReloadAssembly (143ms)
		ExecutionOrderSort (0ms)
		DisableScriptedObjects (6ms)
		BackupInstance (0ms)
		ReleaseScriptingObjects (0ms)
		CreateAndSetChildDomain (24ms)
	RebuildCommonClasses (32ms)
	RebuildNativeTypeToScriptingClass (12ms)
	initialDomainReloadingComplete (27ms)
	LoadAllAssembliesAndSetupDomain (227ms)
		LoadAssemblies (277ms)
		RebuildTransferFunctionScriptingTraits (0ms)
		AnalyzeDomain (29ms)
			TypeCache.Refresh (13ms)
				TypeCache.ScanAssembly (3ms)
			ScanForSourceGeneratedMonoScriptInfo (7ms)
			ResolveRequiredComponents (7ms)
	FinalizeReload (870ms)
		ReleaseScriptCaches (0ms)
		RebuildScriptCaches (0ms)
		SetupLoadedEditorAssemblies (450ms)
			LogAssemblyErrors (0ms)
			InitializePlatformSupportModulesInManaged (23ms)
			SetLoadedEditorAssemblies (5ms)
			RefreshPlugins (0ms)
			BeforeProcessingInitializeOnLoad (68ms)
			ProcessInitializeOnLoadAttributes (321ms)
			ProcessInitializeOnLoadMethodAttributes (25ms)
			AfterProcessingInitializeOnLoad (7ms)
			EditorAssembliesLoaded (0ms)
		ExecutionOrderSort2 (0ms)
		AwakeInstancesAfterBackupRestoration (9ms)
Refreshing native plugins compatible for Editor in 2.03 ms, found 3 plugins.
Preloading 0 native plugins for Editor in 0.00 ms.
Unloading 3156 Unused Serialized files (Serialized files now loaded: 0)
Unloading 14 unused Assets / (28.6 KB). Loaded Objects now: 3673.
Memory consumption went from 120.8 MB to 120.7 MB.
Total: 3.180100 ms (FindLiveObjects: 0.389700 ms CreateObjectMapping: 0.111900 ms MarkObjects: 2.638000 ms  DeleteObjects: 0.039400 ms)

Prepare: number of updated asset objects reloaded= 0
AssetImportParameters requested are different than current active one (requested -> active):
  custom:container-demuxer-ogg: 62fdf1f143b41e24485cea50d1cbac27 -> 
  custom:video-codec-MediaFoundation-h265: 746d11721c4dcdbdad8f713fa42b33f4 -> 
  custom:video-decoder-ogg-theora: a1e56fd34408186e4bbccfd4996cb3dc -> 
  custom:framework-win-MediaFoundation: 216162199b28c13a410421893ffa2e32 -> 
  custom:CustomObjectIndexerAttribute: 9a22284fe3817be447336de3de66b15e -> 
  custom:container-demuxer-webm: 4f35f7cbe854078d1ac9338744f61a02 -> 
  custom:scripting/monoscript/fileName/jjjj.cs: efb25e07c7eaa6e34e51bb8f2a345a77 -> 
  custom:container-muxer-webm: aa71ff27fc2769a1b78a27578f13a17b -> 
  custom:video-decoder-webm-vp8: 9c59270c3fd7afecdb556c50c9e8de78 -> 
  custom:SearchIndexIgnoredProperties: e643bd26f0fe6173181afceb89e7c659 -> 
  custom:AudioImporter_EditorPlatform: d09bf68614088b80899f8185d706f6e7 -> 
  custom:video-encoder-webm-vp8: eb34c28f22e8b96e1ab97ce403110664 -> 
  custom:audio-decoder-ogg-vorbis: bf7c407c2cedff20999df2af8eb42d56 -> 
  custom:audio-encoder-webm-vorbis: bf7c407c2cedff20999df2af8eb42d56 -> 
========================================================================
Received Prepare
Caller must complete domain reload
Begin MonoManager ReloadAssembly
- Loaded All Assemblies, in  0.246 seconds
Native extension for WindowsStandalone target not found
Native extension for Android target not found
Native extension for WebGL target not found
Mono: successfully reloaded assembly
- Finished resetting the current domain, in  0.424 seconds
Domain Reload Profiling: 670ms
	BeginReloadAssembly (92ms)
		ExecutionOrderSort (0ms)
		DisableScriptedObjects (3ms)
		BackupInstance (0ms)
		ReleaseScriptingObjects (0ms)
		CreateAndSetChildDomain (17ms)
	RebuildCommonClasses (19ms)
	RebuildNativeTypeToScriptingClass (7ms)
	initialDomainReloadingComplete (16ms)
	LoadAllAssembliesAndSetupDomain (112ms)
		LoadAssemblies (152ms)
		RebuildTransferFunctionScriptingTraits (0ms)
		AnalyzeDomain (9ms)
			TypeCache.Refresh (4ms)
				TypeCache.ScanAssembly (0ms)
			ScanForSourceGeneratedMonoScriptInfo (0ms)
			ResolveRequiredComponents (4ms)
	FinalizeReload (425ms)
		ReleaseScriptCaches (0ms)
		RebuildScriptCaches (0ms)
		SetupLoadedEditorAssemblies (238ms)
			LogAssemblyErrors (0ms)
			InitializePlatformSupportModulesInManaged (11ms)
			SetLoadedEditorAssemblies (3ms)
			RefreshPlugins (0ms)
			BeforeProcessingInitializeOnLoad (35ms)
			ProcessInitializeOnLoadAttributes (168ms)
			ProcessInitializeOnLoadMethodAttributes (18ms)
			AfterProcessingInitializeOnLoad (4ms)
			EditorAssembliesLoaded (0ms)
		ExecutionOrderSort2 (0ms)
		AwakeInstancesAfterBackupRestoration (5ms)
Refreshing native plugins compatible for Editor in 0.96 ms, found 3 plugins.
Preloading 0 native plugins for Editor in 0.00 ms.
Unloading 3156 Unused Serialized files (Serialized files now loaded: 0)
Unloading 14 unused Assets / (28.6 KB). Loaded Objects now: 3676.
Memory consumption went from 120.8 MB to 120.7 MB.
Total: 2.082800 ms (FindLiveObjects: 0.156800 ms CreateObjectMapping: 0.065700 ms MarkObjects: 1.829400 ms  DeleteObjects: 0.030000 ms)

Prepare: number of updated asset objects reloaded= 0
AssetImportParameters requested are different than current active one (requested -> active):
  custom:container-demuxer-ogg: 62fdf1f143b41e24485cea50d1cbac27 -> 
  custom:video-codec-MediaFoundation-h265: 746d11721c4dcdbdad8f713fa42b33f4 -> 
  custom:video-decoder-ogg-theora: a1e56fd34408186e4bbccfd4996cb3dc -> 
  custom:framework-win-MediaFoundation: 216162199b28c13a410421893ffa2e32 -> 
  custom:CustomObjectIndexerAttribute: 9a22284fe3817be447336de3de66b15e -> 
  custom:container-demuxer-webm: 4f35f7cbe854078d1ac9338744f61a02 -> 
  custom:scripting/monoscript/fileName/jjjj.cs: efb25e07c7eaa6e34e51bb8f2a345a77 -> 
  custom:container-muxer-webm: aa71ff27fc2769a1b78a27578f13a17b -> 
  custom:video-decoder-webm-vp8: 9c59270c3fd7afecdb556c50c9e8de78 -> 
  custom:SearchIndexIgnoredProperties: e643bd26f0fe6173181afceb89e7c659 -> 
  custom:AudioImporter_EditorPlatform: d09bf68614088b80899f8185d706f6e7 -> 
  custom:video-encoder-webm-vp8: eb34c28f22e8b96e1ab97ce403110664 -> 
  custom:audio-decoder-ogg-vorbis: bf7c407c2cedff20999df2af8eb42d56 -> 
  custom:audio-encoder-webm-vorbis: bf7c407c2cedff20999df2af8eb42d56 -> 
========================================================================
Received Prepare
Caller must complete domain reload
Begin MonoManager ReloadAssembly
- Loaded All Assemblies, in  0.439 seconds
Native extension for WindowsStandalone target not found
Native extension for Android target not found
Native extension for WebGL target not found
Mono: successfully reloaded assembly
- Finished resetting the current domain, in  0.832 seconds
Domain Reload Profiling: 1270ms
	BeginReloadAssembly (144ms)
		ExecutionOrderSort (0ms)
		DisableScriptedObjects (6ms)
		BackupInstance (0ms)
		ReleaseScriptingObjects (0ms)
		CreateAndSetChildDomain (33ms)
	RebuildCommonClasses (33ms)
	RebuildNativeTypeToScriptingClass (12ms)
	initialDomainReloadingComplete (27ms)
	LoadAllAssembliesAndSetupDomain (222ms)
		LoadAssemblies (278ms)
		RebuildTransferFunctionScriptingTraits (0ms)
		AnalyzeDomain (26ms)
			TypeCache.Refresh (10ms)
				TypeCache.ScanAssembly (1ms)
			ScanForSourceGeneratedMonoScriptInfo (8ms)
			ResolveRequiredComponents (7ms)
	FinalizeReload (832ms)
		ReleaseScriptCaches (0ms)
		RebuildScriptCaches (0ms)
		SetupLoadedEditorAssemblies (425ms)
			LogAssemblyErrors (0ms)
			InitializePlatformSupportModulesInManaged (23ms)
			SetLoadedEditorAssemblies (5ms)
			RefreshPlugins (0ms)
			BeforeProcessingInitializeOnLoad (66ms)
			ProcessInitializeOnLoadAttributes (301ms)
			ProcessInitializeOnLoadMethodAttributes (20ms)
			AfterProcessingInitializeOnLoad (9ms)
			EditorAssembliesLoaded (0ms)
		ExecutionOrderSort2 (0ms)
		AwakeInstancesAfterBackupRestoration (7ms)
Refreshing native plugins compatible for Editor in 1.71 ms, found 3 plugins.
Preloading 0 native plugins for Editor in 0.00 ms.
Unloading 3156 Unused Serialized files (Serialized files now loaded: 0)
Unloading 14 unused Assets / (28.5 KB). Loaded Objects now: 3679.
Memory consumption went from 120.8 MB to 120.7 MB.
Total: 3.355100 ms (FindLiveObjects: 0.354700 ms CreateObjectMapping: 0.103700 ms MarkObjects: 2.862600 ms  DeleteObjects: 0.033100 ms)

Prepare: number of updated asset objects reloaded= 0
AssetImportParameters requested are different than current active one (requested -> active):
  custom:container-demuxer-ogg: 62fdf1f143b41e24485cea50d1cbac27 -> 
  custom:video-codec-MediaFoundation-h265: 746d11721c4dcdbdad8f713fa42b33f4 -> 
  custom:video-decoder-ogg-theora: a1e56fd34408186e4bbccfd4996cb3dc -> 
  custom:framework-win-MediaFoundation: 216162199b28c13a410421893ffa2e32 -> 
  custom:CustomObjectIndexerAttribute: 9a22284fe3817be447336de3de66b15e -> 
  custom:container-demuxer-webm: 4f35f7cbe854078d1ac9338744f61a02 -> 
  custom:scripting/monoscript/fileName/jjjj.cs: efb25e07c7eaa6e34e51bb8f2a345a77 -> 
  custom:container-muxer-webm: aa71ff27fc2769a1b78a27578f13a17b -> 
  custom:video-decoder-webm-vp8: 9c59270c3fd7afecdb556c50c9e8de78 -> 
  custom:SearchIndexIgnoredProperties: e643bd26f0fe6173181afceb89e7c659 -> 
  custom:AudioImporter_EditorPlatform: d09bf68614088b80899f8185d706f6e7 -> 
  custom:video-encoder-webm-vp8: eb34c28f22e8b96e1ab97ce403110664 -> 
  custom:audio-decoder-ogg-vorbis: bf7c407c2cedff20999df2af8eb42d56 -> 
  custom:audio-encoder-webm-vorbis: bf7c407c2cedff20999df2af8eb42d56 -> 
========================================================================
Received Prepare
Caller must complete domain reload
Begin MonoManager ReloadAssembly
- Loaded All Assemblies, in  0.376 seconds
Native extension for WindowsStandalone target not found
Native extension for Android target not found
Native extension for WebGL target not found
Mono: successfully reloaded assembly
- Finished resetting the current domain, in  0.486 seconds
Domain Reload Profiling: 861ms
	BeginReloadAssembly (128ms)
		ExecutionOrderSort (0ms)
		DisableScriptedObjects (5ms)
		BackupInstance (0ms)
		ReleaseScriptingObjects (0ms)
		CreateAndSetChildDomain (25ms)
	RebuildCommonClasses (33ms)
	RebuildNativeTypeToScriptingClass (12ms)
	initialDomainReloadingComplete (28ms)
	LoadAllAssembliesAndSetupDomain (175ms)
		LoadAssemblies (239ms)
		RebuildTransferFunctionScriptingTraits (0ms)
		AnalyzeDomain (14ms)
			TypeCache.Refresh (6ms)
				TypeCache.ScanAssembly (0ms)
			ScanForSourceGeneratedMonoScriptInfo (0ms)
			ResolveRequiredComponents (6ms)
	FinalizeReload (486ms)
		ReleaseScriptCaches (0ms)
		RebuildScriptCaches (0ms)
		SetupLoadedEditorAssemblies (277ms)
			LogAssemblyErrors (0ms)
			InitializePlatformSupportModulesInManaged (12ms)
			SetLoadedEditorAssemblies (3ms)
			RefreshPlugins (0ms)
			BeforeProcessingInitializeOnLoad (39ms)
			ProcessInitializeOnLoadAttributes (202ms)
			ProcessInitializeOnLoadMethodAttributes (18ms)
			AfterProcessingInitializeOnLoad (3ms)
			EditorAssembliesLoaded (0ms)
		ExecutionOrderSort2 (0ms)
		AwakeInstancesAfterBackupRestoration (6ms)
Refreshing native plugins compatible for Editor in 1.28 ms, found 3 plugins.
Preloading 0 native plugins for Editor in 0.00 ms.
Unloading 3156 Unused Serialized files (Serialized files now loaded: 0)
Unloading 14 unused Assets / (28.6 KB). Loaded Objects now: 3682.
Memory consumption went from 120.8 MB to 120.7 MB.
Total: 2.198500 ms (FindLiveObjects: 0.223800 ms CreateObjectMapping: 0.079800 ms MarkObjects: 1.866800 ms  DeleteObjects: 0.027400 ms)

Prepare: number of updated asset objects reloaded= 0
AssetImportParameters requested are different than current active one (requested -> active):
  custom:container-demuxer-ogg: 62fdf1f143b41e24485cea50d1cbac27 -> 
  custom:video-codec-MediaFoundation-h265: 746d11721c4dcdbdad8f713fa42b33f4 -> 
  custom:video-decoder-ogg-theora: a1e56fd34408186e4bbccfd4996cb3dc -> 
  custom:framework-win-MediaFoundation: 216162199b28c13a410421893ffa2e32 -> 
  custom:CustomObjectIndexerAttribute: 9a22284fe3817be447336de3de66b15e -> 
  custom:container-demuxer-webm: 4f35f7cbe854078d1ac9338744f61a02 -> 
  custom:scripting/monoscript/fileName/jjjj.cs: efb25e07c7eaa6e34e51bb8f2a345a77 -> 
  custom:container-muxer-webm: aa71ff27fc2769a1b78a27578f13a17b -> 
  custom:video-decoder-webm-vp8: 9c59270c3fd7afecdb556c50c9e8de78 -> 
  custom:SearchIndexIgnoredProperties: e643bd26f0fe6173181afceb89e7c659 -> 
  custom:AudioImporter_EditorPlatform: d09bf68614088b80899f8185d706f6e7 -> 
  custom:video-encoder-webm-vp8: eb34c28f22e8b96e1ab97ce403110664 -> 
  custom:audio-decoder-ogg-vorbis: bf7c407c2cedff20999df2af8eb42d56 -> 
  custom:audio-encoder-webm-vorbis: bf7c407c2cedff20999df2af8eb42d56 -> 
========================================================================
Received Import Request.
  Time since last request: 78217.297189 seconds.
  path: Assets/Data/ranking.xml
  artifactKey: Guid(02efc669b146beb4d9755ec7845c3b00) Importer(815301076,1909f56bfc062723c751e8b465ee728b)
Start importing Assets/Data/ranking.xml using Guid(02efc669b146beb4d9755ec7845c3b00) Importer(815301076,1909f56bfc062723c751e8b465ee728b) [PhysX] Initialized MultithreadedTaskDispatcher with 24 workers.
 -> (artifact id: '00000000000000000000000000000000') in 0.019763 seconds
Import Error Code:(4)
Message: Build asset version error: assets/data/ranking.xml in SourceAssetDB has modification time of '2025-05-15T10:31:33.0693601Z' while content on disk has modification time of '2025-05-15T10:33:01.0077109Z'
  ERROR: Build asset version error: assets/data/ranking.xml in SourceAssetDB has modification time of '2025-05-15T10:31:33.0693601Z' while content on disk has modification time of '2025-05-15T10:33:01.0077109Z'
Number of updated asset objects reloaded before import = 0
Number of asset objects unloaded after import = 0
========================================================================
Received Import Request.
  Time since last request: 0.000615 seconds.
  path: Assets/Data/ranking.xml
  artifactKey: Guid(02efc669b146beb4d9755ec7845c3b00) Importer(815301076,1909f56bfc062723c751e8b465ee728b)
Start importing Assets/Data/ranking.xml using Guid(02efc669b146beb4d9755ec7845c3b00) Importer(815301076,1909f56bfc062723c751e8b465ee728b) [PhysX] Initialized MultithreadedTaskDispatcher with 24 workers.
 -> (artifact id: '00000000000000000000000000000000') in 0.000528 seconds
Import Error Code:(4)
Message: Build asset version error: assets/data/ranking.xml in SourceAssetDB has modification time of '2025-05-15T10:31:33.0693601Z' while content on disk has modification time of '2025-05-15T10:33:01.0077109Z'
  ERROR: Build asset version error: assets/data/ranking.xml in SourceAssetDB has modification time of '2025-05-15T10:31:33.0693601Z' while content on disk has modification time of '2025-05-15T10:33:01.0077109Z'
Number of updated asset objects reloaded before import = 0
Number of asset objects unloaded after import = 0
========================================================================
Received Import Request.
  Time since last request: 0.001380 seconds.
  path: Assets/Data/ranking.xml
  artifactKey: Guid(02efc669b146beb4d9755ec7845c3b00) Importer(815301076,1909f56bfc062723c751e8b465ee728b)
Start importing Assets/Data/ranking.xml using Guid(02efc669b146beb4d9755ec7845c3b00) Importer(815301076,1909f56bfc062723c751e8b465ee728b) [PhysX] Initialized MultithreadedTaskDispatcher with 24 workers.
 -> (artifact id: '00000000000000000000000000000000') in 0.000390 seconds
Import Error Code:(4)
Message: Build asset version error: assets/data/ranking.xml in SourceAssetDB has modification time of '2025-05-15T10:31:33.0693601Z' while content on disk has modification time of '2025-05-15T10:33:01.0077109Z'
  ERROR: Build asset version error: assets/data/ranking.xml in SourceAssetDB has modification time of '2025-05-15T10:31:33.0693601Z' while content on disk has modification time of '2025-05-15T10:33:01.0077109Z'
Number of updated asset objects reloaded before import = 0
Number of asset objects unloaded after import = 0
========================================================================
Received Import Request.
  Time since last request: 0.003876 seconds.
  path: Assets/Data/ranking.xml
  artifactKey: Guid(02efc669b146beb4d9755ec7845c3b00) Importer(815301076,1909f56bfc062723c751e8b465ee728b)
Start importing Assets/Data/ranking.xml using Guid(02efc669b146beb4d9755ec7845c3b00) Importer(815301076,1909f56bfc062723c751e8b465ee728b) [PhysX] Initialized MultithreadedTaskDispatcher with 24 workers.
 -> (artifact id: '00000000000000000000000000000000') in 0.000409 seconds
Import Error Code:(4)
Message: Build asset version error: assets/data/ranking.xml in SourceAssetDB has modification time of '2025-05-15T10:31:33.0693601Z' while content on disk has modification time of '2025-05-15T10:33:01.0077109Z'
  ERROR: Build asset version error: assets/data/ranking.xml in SourceAssetDB has modification time of '2025-05-15T10:31:33.0693601Z' while content on disk has modification time of '2025-05-15T10:33:01.0077109Z'
Number of updated asset objects reloaded before import = 0
Number of asset objects unloaded after import = 0
========================================================================
Received Import Request.
  Time since last request: 0.003692 seconds.
  path: Assets/Data/ranking.xml
  artifactKey: Guid(02efc669b146beb4d9755ec7845c3b00) Importer(815301076,1909f56bfc062723c751e8b465ee728b)
Start importing Assets/Data/ranking.xml using Guid(02efc669b146beb4d9755ec7845c3b00) Importer(815301076,1909f56bfc062723c751e8b465ee728b) [PhysX] Initialized MultithreadedTaskDispatcher with 24 workers.
 -> (artifact id: '00000000000000000000000000000000') in 0.000407 seconds
Import Error Code:(4)
Message: Build asset version error: assets/data/ranking.xml in SourceAssetDB has modification time of '2025-05-15T10:31:33.0693601Z' while content on disk has modification time of '2025-05-15T10:33:01.0077109Z'
  ERROR: Build asset version error: assets/data/ranking.xml in SourceAssetDB has modification time of '2025-05-15T10:31:33.0693601Z' while content on disk has modification time of '2025-05-15T10:33:01.0077109Z'
Number of updated asset objects reloaded before import = 0
Number of asset objects unloaded after import = 0
========================================================================
Received Import Request.
  Time since last request: 0.003914 seconds.
  path: Assets/Data/ranking.xml
  artifactKey: Guid(02efc669b146beb4d9755ec7845c3b00) Importer(815301076,1909f56bfc062723c751e8b465ee728b)
Start importing Assets/Data/ranking.xml using Guid(02efc669b146beb4d9755ec7845c3b00) Importer(815301076,1909f56bfc062723c751e8b465ee728b) [PhysX] Initialized MultithreadedTaskDispatcher with 24 workers.
 -> (artifact id: '00000000000000000000000000000000') in 0.000389 seconds
Import Error Code:(4)
Message: Build asset version error: assets/data/ranking.xml in SourceAssetDB has modification time of '2025-05-15T10:31:33.0693601Z' while content on disk has modification time of '2025-05-15T10:33:01.0077109Z'
  ERROR: Build asset version error: assets/data/ranking.xml in SourceAssetDB has modification time of '2025-05-15T10:31:33.0693601Z' while content on disk has modification time of '2025-05-15T10:33:01.0077109Z'
Number of updated asset objects reloaded before import = 0
Number of asset objects unloaded after import = 0
========================================================================
Received Import Request.
  Time since last request: 0.003636 seconds.
  path: Assets/Data/ranking.xml
  artifactKey: Guid(02efc669b146beb4d9755ec7845c3b00) Importer(815301076,1909f56bfc062723c751e8b465ee728b)
Start importing Assets/Data/ranking.xml using Guid(02efc669b146beb4d9755ec7845c3b00) Importer(815301076,1909f56bfc062723c751e8b465ee728b) [PhysX] Initialized MultithreadedTaskDispatcher with 24 workers.
 -> (artifact id: '00000000000000000000000000000000') in 0.000392 seconds
Import Error Code:(4)
Message: Build asset version error: assets/data/ranking.xml in SourceAssetDB has modification time of '2025-05-15T10:31:33.0693601Z' while content on disk has modification time of '2025-05-15T10:33:01.0077109Z'
  ERROR: Build asset version error: assets/data/ranking.xml in SourceAssetDB has modification time of '2025-05-15T10:31:33.0693601Z' while content on disk has modification time of '2025-05-15T10:33:01.0077109Z'
Number of updated asset objects reloaded before import = 0
Number of asset objects unloaded after import = 0
========================================================================
Received Import Request.
  Time since last request: 0.003684 seconds.
  path: Assets/Data/ranking.xml
  artifactKey: Guid(02efc669b146beb4d9755ec7845c3b00) Importer(815301076,1909f56bfc062723c751e8b465ee728b)
Start importing Assets/Data/ranking.xml using Guid(02efc669b146beb4d9755ec7845c3b00) Importer(815301076,1909f56bfc062723c751e8b465ee728b) [PhysX] Initialized MultithreadedTaskDispatcher with 24 workers.
 -> (artifact id: '00000000000000000000000000000000') in 0.000473 seconds
Import Error Code:(4)
Message: Build asset version error: assets/data/ranking.xml in SourceAssetDB has modification time of '2025-05-15T10:31:33.0693601Z' while content on disk has modification time of '2025-05-15T10:33:01.0077109Z'
  ERROR: Build asset version error: assets/data/ranking.xml in SourceAssetDB has modification time of '2025-05-15T10:31:33.0693601Z' while content on disk has modification time of '2025-05-15T10:33:01.0077109Z'
Number of updated asset objects reloaded before import = 0
Number of asset objects unloaded after import = 0
========================================================================
Received Import Request.
  Time since last request: 0.003518 seconds.
  path: Assets/Data/ranking.xml
  artifactKey: Guid(02efc669b146beb4d9755ec7845c3b00) Importer(815301076,1909f56bfc062723c751e8b465ee728b)
Start importing Assets/Data/ranking.xml using Guid(02efc669b146beb4d9755ec7845c3b00) Importer(815301076,1909f56bfc062723c751e8b465ee728b) [PhysX] Initialized MultithreadedTaskDispatcher with 24 workers.
 -> (artifact id: '00000000000000000000000000000000') in 0.000391 seconds
Import Error Code:(4)
Message: Build asset version error: assets/data/ranking.xml in SourceAssetDB has modification time of '2025-05-15T10:31:33.0693601Z' while content on disk has modification time of '2025-05-15T10:33:01.0077109Z'
  ERROR: Build asset version error: assets/data/ranking.xml in SourceAssetDB has modification time of '2025-05-15T10:31:33.0693601Z' while content on disk has modification time of '2025-05-15T10:33:01.0077109Z'
Number of updated asset objects reloaded before import = 0
Number of asset objects unloaded after import = 0
========================================================================
Received Import Request.
  Time since last request: 0.004027 seconds.
  path: Assets/Data/ranking.xml
  artifactKey: Guid(02efc669b146beb4d9755ec7845c3b00) Importer(815301076,1909f56bfc062723c751e8b465ee728b)
Start importing Assets/Data/ranking.xml using Guid(02efc669b146beb4d9755ec7845c3b00) Importer(815301076,1909f56bfc062723c751e8b465ee728b) [PhysX] Initialized MultithreadedTaskDispatcher with 24 workers.
 -> (artifact id: '00000000000000000000000000000000') in 0.000373 seconds
Import Error Code:(4)
Message: Build asset version error: assets/data/ranking.xml in SourceAssetDB has modification time of '2025-05-15T10:31:33.0693601Z' while content on disk has modification time of '2025-05-15T10:33:01.0077109Z'
  ERROR: Build asset version error: assets/data/ranking.xml in SourceAssetDB has modification time of '2025-05-15T10:31:33.0693601Z' while content on disk has modification time of '2025-05-15T10:33:01.0077109Z'
Number of updated asset objects reloaded before import = 0
Number of asset objects unloaded after import = 0
========================================================================
Received Import Request.
  Time since last request: 0.003849 seconds.
  path: Assets/Data/ranking.xml
  artifactKey: Guid(02efc669b146beb4d9755ec7845c3b00) Importer(815301076,1909f56bfc062723c751e8b465ee728b)
Start importing Assets/Data/ranking.xml using Guid(02efc669b146beb4d9755ec7845c3b00) Importer(815301076,1909f56bfc062723c751e8b465ee728b) [PhysX] Initialized MultithreadedTaskDispatcher with 24 workers.
 -> (artifact id: '00000000000000000000000000000000') in 0.000407 seconds
Import Error Code:(4)
Message: Build asset version error: assets/data/ranking.xml in SourceAssetDB has modification time of '2025-05-15T10:31:33.0693601Z' while content on disk has modification time of '2025-05-15T10:33:01.0077109Z'
  ERROR: Build asset version error: assets/data/ranking.xml in SourceAssetDB has modification time of '2025-05-15T10:31:33.0693601Z' while content on disk has modification time of '2025-05-15T10:33:01.0077109Z'
Number of updated asset objects reloaded before import = 0
Number of asset objects unloaded after import = 0
========================================================================
Received Import Request.
  Time since last request: 0.003911 seconds.
  path: Assets/Data/ranking.xml
  artifactKey: Guid(02efc669b146beb4d9755ec7845c3b00) Importer(815301076,1909f56bfc062723c751e8b465ee728b)
Start importing Assets/Data/ranking.xml using Guid(02efc669b146beb4d9755ec7845c3b00) Importer(815301076,1909f56bfc062723c751e8b465ee728b) [PhysX] Initialized MultithreadedTaskDispatcher with 24 workers.
 -> (artifact id: '00000000000000000000000000000000') in 0.000394 seconds
Import Error Code:(4)
Message: Build asset version error: assets/data/ranking.xml in SourceAssetDB has modification time of '2025-05-15T10:31:33.0693601Z' while content on disk has modification time of '2025-05-15T10:33:01.0077109Z'
  ERROR: Build asset version error: assets/data/ranking.xml in SourceAssetDB has modification time of '2025-05-15T10:31:33.0693601Z' while content on disk has modification time of '2025-05-15T10:33:01.0077109Z'
Number of updated asset objects reloaded before import = 0
Number of asset objects unloaded after import = 0
========================================================================
Received Import Request.
  Time since last request: 0.003896 seconds.
  path: Assets/Data/ranking.xml
  artifactKey: Guid(02efc669b146beb4d9755ec7845c3b00) Importer(815301076,1909f56bfc062723c751e8b465ee728b)
Start importing Assets/Data/ranking.xml using Guid(02efc669b146beb4d9755ec7845c3b00) Importer(815301076,1909f56bfc062723c751e8b465ee728b) [PhysX] Initialized MultithreadedTaskDispatcher with 24 workers.
 -> (artifact id: '00000000000000000000000000000000') in 0.000405 seconds
Import Error Code:(4)
Message: Build asset version error: assets/data/ranking.xml in SourceAssetDB has modification time of '2025-05-15T10:31:33.0693601Z' while content on disk has modification time of '2025-05-15T10:33:01.0077109Z'
  ERROR: Build asset version error: assets/data/ranking.xml in SourceAssetDB has modification time of '2025-05-15T10:31:33.0693601Z' while content on disk has modification time of '2025-05-15T10:33:01.0077109Z'
Number of updated asset objects reloaded before import = 0
Number of asset objects unloaded after import = 0
========================================================================
Received Import Request.
  Time since last request: 0.004152 seconds.
  path: Assets/Data/ranking.xml
  artifactKey: Guid(02efc669b146beb4d9755ec7845c3b00) Importer(815301076,1909f56bfc062723c751e8b465ee728b)
Start importing Assets/Data/ranking.xml using Guid(02efc669b146beb4d9755ec7845c3b00) Importer(815301076,1909f56bfc062723c751e8b465ee728b) [PhysX] Initialized MultithreadedTaskDispatcher with 24 workers.
 -> (artifact id: '00000000000000000000000000000000') in 0.000375 seconds
Import Error Code:(4)
Message: Build asset version error: assets/data/ranking.xml in SourceAssetDB has modification time of '2025-05-15T10:31:33.0693601Z' while content on disk has modification time of '2025-05-15T10:33:01.0077109Z'
  ERROR: Build asset version error: assets/data/ranking.xml in SourceAssetDB has modification time of '2025-05-15T10:31:33.0693601Z' while content on disk has modification time of '2025-05-15T10:33:01.0077109Z'
Number of updated asset objects reloaded before import = 0
Number of asset objects unloaded after import = 0
========================================================================
Received Import Request.
  Time since last request: 0.000177 seconds.
  path: Assets/Data/ranking.xml
  artifactKey: Guid(02efc669b146beb4d9755ec7845c3b00) Importer(815301076,1909f56bfc062723c751e8b465ee728b)
Start importing Assets/Data/ranking.xml using Guid(02efc669b146beb4d9755ec7845c3b00) Importer(815301076,1909f56bfc062723c751e8b465ee728b) [PhysX] Initialized MultithreadedTaskDispatcher with 24 workers.
 -> (artifact id: '00000000000000000000000000000000') in 0.000388 seconds
Import Error Code:(4)
Message: Build asset version error: assets/data/ranking.xml in SourceAssetDB has modification time of '2025-05-15T10:31:33.0693601Z' while content on disk has modification time of '2025-05-15T10:33:01.0077109Z'
  ERROR: Build asset version error: assets/data/ranking.xml in SourceAssetDB has modification time of '2025-05-15T10:31:33.0693601Z' while content on disk has modification time of '2025-05-15T10:33:01.0077109Z'
Number of updated asset objects reloaded before import = 0
Number of asset objects unloaded after import = 0
========================================================================
Received Import Request.
  Time since last request: 0.004400 seconds.
  path: Assets/Data/ranking.xml
  artifactKey: Guid(02efc669b146beb4d9755ec7845c3b00) Importer(815301076,1909f56bfc062723c751e8b465ee728b)
Start importing Assets/Data/ranking.xml using Guid(02efc669b146beb4d9755ec7845c3b00) Importer(815301076,1909f56bfc062723c751e8b465ee728b) [PhysX] Initialized MultithreadedTaskDispatcher with 24 workers.
 -> (artifact id: '00000000000000000000000000000000') in 0.000500 seconds
Import Error Code:(4)
Message: Build asset version error: assets/data/ranking.xml in SourceAssetDB has modification time of '2025-05-15T10:31:33.0693601Z' while content on disk has modification time of '2025-05-15T10:33:01.0077109Z'
  ERROR: Build asset version error: assets/data/ranking.xml in SourceAssetDB has modification time of '2025-05-15T10:31:33.0693601Z' while content on disk has modification time of '2025-05-15T10:33:01.0077109Z'
Number of updated asset objects reloaded before import = 0
Number of asset objects unloaded after import = 0
========================================================================
Received Import Request.
  Time since last request: 0.003667 seconds.
  path: Assets/Data/ranking.xml
  artifactKey: Guid(02efc669b146beb4d9755ec7845c3b00) Importer(815301076,1909f56bfc062723c751e8b465ee728b)
Start importing Assets/Data/ranking.xml using Guid(02efc669b146beb4d9755ec7845c3b00) Importer(815301076,1909f56bfc062723c751e8b465ee728b) [PhysX] Initialized MultithreadedTaskDispatcher with 24 workers.
 -> (artifact id: '00000000000000000000000000000000') in 0.000411 seconds
Import Error Code:(4)
Message: Build asset version error: assets/data/ranking.xml in SourceAssetDB has modification time of '2025-05-15T10:31:33.0693601Z' while content on disk has modification time of '2025-05-15T10:33:01.0077109Z'
  ERROR: Build asset version error: assets/data/ranking.xml in SourceAssetDB has modification time of '2025-05-15T10:31:33.0693601Z' while content on disk has modification time of '2025-05-15T10:33:01.0077109Z'
Number of updated asset objects reloaded before import = 0
Number of asset objects unloaded after import = 0
========================================================================
Received Import Request.
  Time since last request: 0.003636 seconds.
  path: Assets/Data/ranking.xml
  artifactKey: Guid(02efc669b146beb4d9755ec7845c3b00) Importer(815301076,1909f56bfc062723c751e8b465ee728b)
Start importing Assets/Data/ranking.xml using Guid(02efc669b146beb4d9755ec7845c3b00) Importer(815301076,1909f56bfc062723c751e8b465ee728b) [PhysX] Initialized MultithreadedTaskDispatcher with 24 workers.
 -> (artifact id: '00000000000000000000000000000000') in 0.000359 seconds
Import Error Code:(4)
Message: Build asset version error: assets/data/ranking.xml in SourceAssetDB has modification time of '2025-05-15T10:31:33.0693601Z' while content on disk has modification time of '2025-05-15T10:33:01.0077109Z'
  ERROR: Build asset version error: assets/data/ranking.xml in SourceAssetDB has modification time of '2025-05-15T10:31:33.0693601Z' while content on disk has modification time of '2025-05-15T10:33:01.0077109Z'
Number of updated asset objects reloaded before import = 0
Number of asset objects unloaded after import = 0
========================================================================
Received Import Request.
  Time since last request: 0.000269 seconds.
  path: Assets/Data/ranking.xml
  artifactKey: Guid(02efc669b146beb4d9755ec7845c3b00) Importer(815301076,1909f56bfc062723c751e8b465ee728b)
Start importing Assets/Data/ranking.xml using Guid(02efc669b146beb4d9755ec7845c3b00) Importer(815301076,1909f56bfc062723c751e8b465ee728b) [PhysX] Initialized MultithreadedTaskDispatcher with 24 workers.
 -> (artifact id: '00000000000000000000000000000000') in 0.000328 seconds
Import Error Code:(4)
Message: Build asset version error: assets/data/ranking.xml in SourceAssetDB has modification time of '2025-05-15T10:31:33.0693601Z' while content on disk has modification time of '2025-05-15T10:33:01.0077109Z'
  ERROR: Build asset version error: assets/data/ranking.xml in SourceAssetDB has modification time of '2025-05-15T10:31:33.0693601Z' while content on disk has modification time of '2025-05-15T10:33:01.0077109Z'
Number of updated asset objects reloaded before import = 0
Number of asset objects unloaded after import = 0
========================================================================
Received Import Request.
  Time since last request: 0.003953 seconds.
  path: Assets/Data/ranking.xml
  artifactKey: Guid(02efc669b146beb4d9755ec7845c3b00) Importer(815301076,1909f56bfc062723c751e8b465ee728b)
Start importing Assets/Data/ranking.xml using Guid(02efc669b146beb4d9755ec7845c3b00) Importer(815301076,1909f56bfc062723c751e8b465ee728b) [PhysX] Initialized MultithreadedTaskDispatcher with 24 workers.
 -> (artifact id: '00000000000000000000000000000000') in 0.000433 seconds
Import Error Code:(4)
Message: Build asset version error: assets/data/ranking.xml in SourceAssetDB has modification time of '2025-05-15T10:31:33.0693601Z' while content on disk has modification time of '2025-05-15T10:33:01.0077109Z'
  ERROR: Build asset version error: assets/data/ranking.xml in SourceAssetDB has modification time of '2025-05-15T10:31:33.0693601Z' while content on disk has modification time of '2025-05-15T10:33:01.0077109Z'
Number of updated asset objects reloaded before import = 0
Number of asset objects unloaded after import = 0
========================================================================
Received Import Request.
  Time since last request: 0.004069 seconds.
  path: Assets/Data/ranking.xml
  artifactKey: Guid(02efc669b146beb4d9755ec7845c3b00) Importer(815301076,1909f56bfc062723c751e8b465ee728b)
Start importing Assets/Data/ranking.xml using Guid(02efc669b146beb4d9755ec7845c3b00) Importer(815301076,1909f56bfc062723c751e8b465ee728b) [PhysX] Initialized MultithreadedTaskDispatcher with 24 workers.
 -> (artifact id: '00000000000000000000000000000000') in 0.000424 seconds
Import Error Code:(4)
Message: Build asset version error: assets/data/ranking.xml in SourceAssetDB has modification time of '2025-05-15T10:31:33.0693601Z' while content on disk has modification time of '2025-05-15T10:33:01.0077109Z'
  ERROR: Build asset version error: assets/data/ranking.xml in SourceAssetDB has modification time of '2025-05-15T10:31:33.0693601Z' while content on disk has modification time of '2025-05-15T10:33:01.0077109Z'
Number of updated asset objects reloaded before import = 0
Number of asset objects unloaded after import = 0
========================================================================
Received Import Request.
  Time since last request: 0.004017 seconds.
  path: Assets/Data/ranking.xml
  artifactKey: Guid(02efc669b146beb4d9755ec7845c3b00) Importer(815301076,1909f56bfc062723c751e8b465ee728b)
Start importing Assets/Data/ranking.xml using Guid(02efc669b146beb4d9755ec7845c3b00) Importer(815301076,1909f56bfc062723c751e8b465ee728b) [PhysX] Initialized MultithreadedTaskDispatcher with 24 workers.
 -> (artifact id: '00000000000000000000000000000000') in 0.000381 seconds
Import Error Code:(4)
Message: Build asset version error: assets/data/ranking.xml in SourceAssetDB has modification time of '2025-05-15T10:31:33.0693601Z' while content on disk has modification time of '2025-05-15T10:33:01.0077109Z'
  ERROR: Build asset version error: assets/data/ranking.xml in SourceAssetDB has modification time of '2025-05-15T10:31:33.0693601Z' while content on disk has modification time of '2025-05-15T10:33:01.0077109Z'
Number of updated asset objects reloaded before import = 0
Number of asset objects unloaded after import = 0
========================================================================
Received Import Request.
  Time since last request: 0.003778 seconds.
  path: Assets/Data/ranking.xml
  artifactKey: Guid(02efc669b146beb4d9755ec7845c3b00) Importer(815301076,1909f56bfc062723c751e8b465ee728b)
Start importing Assets/Data/ranking.xml using Guid(02efc669b146beb4d9755ec7845c3b00) Importer(815301076,1909f56bfc062723c751e8b465ee728b) [PhysX] Initialized MultithreadedTaskDispatcher with 24 workers.
 -> (artifact id: '00000000000000000000000000000000') in 0.000359 seconds
Import Error Code:(4)
Message: Build asset version error: assets/data/ranking.xml in SourceAssetDB has modification time of '2025-05-15T10:31:33.0693601Z' while content on disk has modification time of '2025-05-15T10:33:01.0077109Z'
  ERROR: Build asset version error: assets/data/ranking.xml in SourceAssetDB has modification time of '2025-05-15T10:31:33.0693601Z' while content on disk has modification time of '2025-05-15T10:33:01.0077109Z'
Number of updated asset objects reloaded before import = 0
Number of asset objects unloaded after import = 0
========================================================================
Received Import Request.
  Time since last request: 0.004298 seconds.
  path: Assets/Data/ranking.xml
  artifactKey: Guid(02efc669b146beb4d9755ec7845c3b00) Importer(815301076,1909f56bfc062723c751e8b465ee728b)
Start importing Assets/Data/ranking.xml using Guid(02efc669b146beb4d9755ec7845c3b00) Importer(815301076,1909f56bfc062723c751e8b465ee728b) [PhysX] Initialized MultithreadedTaskDispatcher with 24 workers.
 -> (artifact id: '00000000000000000000000000000000') in 0.000465 seconds
Import Error Code:(4)
Message: Build asset version error: assets/data/ranking.xml in SourceAssetDB has modification time of '2025-05-15T10:31:33.0693601Z' while content on disk has modification time of '2025-05-15T10:33:01.0077109Z'
  ERROR: Build asset version error: assets/data/ranking.xml in SourceAssetDB has modification time of '2025-05-15T10:31:33.0693601Z' while content on disk has modification time of '2025-05-15T10:33:01.0077109Z'
Number of updated asset objects reloaded before import = 0
Number of asset objects unloaded after import = 0
========================================================================
Received Import Request.
  Time since last request: 0.004160 seconds.
  path: Assets/Data/ranking.xml
  artifactKey: Guid(02efc669b146beb4d9755ec7845c3b00) Importer(815301076,1909f56bfc062723c751e8b465ee728b)
Start importing Assets/Data/ranking.xml using Guid(02efc669b146beb4d9755ec7845c3b00) Importer(815301076,1909f56bfc062723c751e8b465ee728b) [PhysX] Initialized MultithreadedTaskDispatcher with 24 workers.
 -> (artifact id: '00000000000000000000000000000000') in 0.000391 seconds
Import Error Code:(4)
Message: Build asset version error: assets/data/ranking.xml in SourceAssetDB has modification time of '2025-05-15T10:31:33.0693601Z' while content on disk has modification time of '2025-05-15T10:33:01.0077109Z'
  ERROR: Build asset version error: assets/data/ranking.xml in SourceAssetDB has modification time of '2025-05-15T10:31:33.0693601Z' while content on disk has modification time of '2025-05-15T10:33:01.0077109Z'
Number of updated asset objects reloaded before import = 0
Number of asset objects unloaded after import = 0
========================================================================
Received Import Request.
  Time since last request: 0.003978 seconds.
  path: Assets/Data/ranking.xml
  artifactKey: Guid(02efc669b146beb4d9755ec7845c3b00) Importer(815301076,1909f56bfc062723c751e8b465ee728b)
Start importing Assets/Data/ranking.xml using Guid(02efc669b146beb4d9755ec7845c3b00) Importer(815301076,1909f56bfc062723c751e8b465ee728b) [PhysX] Initialized MultithreadedTaskDispatcher with 24 workers.
 -> (artifact id: '00000000000000000000000000000000') in 0.000382 seconds
Import Error Code:(4)
Message: Build asset version error: assets/data/ranking.xml in SourceAssetDB has modification time of '2025-05-15T10:31:33.0693601Z' while content on disk has modification time of '2025-05-15T10:33:01.0077109Z'
  ERROR: Build asset version error: assets/data/ranking.xml in SourceAssetDB has modification time of '2025-05-15T10:31:33.0693601Z' while content on disk has modification time of '2025-05-15T10:33:01.0077109Z'
Number of updated asset objects reloaded before import = 0
Number of asset objects unloaded after import = 0
========================================================================
Received Import Request.
  Time since last request: 0.004665 seconds.
  path: Assets/Data/ranking.xml
  artifactKey: Guid(02efc669b146beb4d9755ec7845c3b00) Importer(815301076,1909f56bfc062723c751e8b465ee728b)
Start importing Assets/Data/ranking.xml using Guid(02efc669b146beb4d9755ec7845c3b00) Importer(815301076,1909f56bfc062723c751e8b465ee728b) [PhysX] Initialized MultithreadedTaskDispatcher with 24 workers.
 -> (artifact id: '00000000000000000000000000000000') in 0.000499 seconds
Import Error Code:(4)
Message: Build asset version error: assets/data/ranking.xml in SourceAssetDB has modification time of '2025-05-15T10:31:33.0693601Z' while content on disk has modification time of '2025-05-15T10:33:01.0077109Z'
  ERROR: Build asset version error: assets/data/ranking.xml in SourceAssetDB has modification time of '2025-05-15T10:31:33.0693601Z' while content on disk has modification time of '2025-05-15T10:33:01.0077109Z'
Number of updated asset objects reloaded before import = 0
Number of asset objects unloaded after import = 0
========================================================================
Received Import Request.
  Time since last request: 0.003901 seconds.
  path: Assets/Data/ranking.xml
  artifactKey: Guid(02efc669b146beb4d9755ec7845c3b00) Importer(815301076,1909f56bfc062723c751e8b465ee728b)
Start importing Assets/Data/ranking.xml using Guid(02efc669b146beb4d9755ec7845c3b00) Importer(815301076,1909f56bfc062723c751e8b465ee728b) [PhysX] Initialized MultithreadedTaskDispatcher with 24 workers.
 -> (artifact id: '00000000000000000000000000000000') in 0.000443 seconds
Import Error Code:(4)
Message: Build asset version error: assets/data/ranking.xml in SourceAssetDB has modification time of '2025-05-15T10:31:33.0693601Z' while content on disk has modification time of '2025-05-15T10:33:01.0077109Z'
  ERROR: Build asset version error: assets/data/ranking.xml in SourceAssetDB has modification time of '2025-05-15T10:31:33.0693601Z' while content on disk has modification time of '2025-05-15T10:33:01.0077109Z'
Number of updated asset objects reloaded before import = 0
Number of asset objects unloaded after import = 0
========================================================================
Received Import Request.
  Time since last request: 0.004395 seconds.
  path: Assets/Data/ranking.xml
  artifactKey: Guid(02efc669b146beb4d9755ec7845c3b00) Importer(815301076,1909f56bfc062723c751e8b465ee728b)
Start importing Assets/Data/ranking.xml using Guid(02efc669b146beb4d9755ec7845c3b00) Importer(815301076,1909f56bfc062723c751e8b465ee728b) [PhysX] Initialized MultithreadedTaskDispatcher with 24 workers.
 -> (artifact id: '00000000000000000000000000000000') in 0.000378 seconds
Import Error Code:(4)
Message: Build asset version error: assets/data/ranking.xml in SourceAssetDB has modification time of '2025-05-15T10:31:33.0693601Z' while content on disk has modification time of '2025-05-15T10:33:01.0077109Z'
  ERROR: Build asset version error: assets/data/ranking.xml in SourceAssetDB has modification time of '2025-05-15T10:31:33.0693601Z' while content on disk has modification time of '2025-05-15T10:33:01.0077109Z'
Number of updated asset objects reloaded before import = 0
Number of asset objects unloaded after import = 0
========================================================================
Received Import Request.
  Time since last request: 0.007525 seconds.
  path: Assets/Data/ranking.xml
  artifactKey: Guid(02efc669b146beb4d9755ec7845c3b00) Importer(815301076,1909f56bfc062723c751e8b465ee728b)
Start importing Assets/Data/ranking.xml using Guid(02efc669b146beb4d9755ec7845c3b00) Importer(815301076,1909f56bfc062723c751e8b465ee728b) [PhysX] Initialized MultithreadedTaskDispatcher with 24 workers.
 -> (artifact id: '00000000000000000000000000000000') in 0.000528 seconds
Import Error Code:(4)
Message: Build asset version error: assets/data/ranking.xml in SourceAssetDB has modification time of '2025-05-15T10:31:33.0693601Z' while content on disk has modification time of '2025-05-15T10:33:01.0077109Z'
  ERROR: Build asset version error: assets/data/ranking.xml in SourceAssetDB has modification time of '2025-05-15T10:31:33.0693601Z' while content on disk has modification time of '2025-05-15T10:33:01.0077109Z'
Number of updated asset objects reloaded before import = 0
Number of asset objects unloaded after import = 0
========================================================================
Received Import Request.
  Time since last request: 0.003877 seconds.
  path: Assets/Data/ranking.xml
  artifactKey: Guid(02efc669b146beb4d9755ec7845c3b00) Importer(815301076,1909f56bfc062723c751e8b465ee728b)
Start importing Assets/Data/ranking.xml using Guid(02efc669b146beb4d9755ec7845c3b00) Importer(815301076,1909f56bfc062723c751e8b465ee728b) [PhysX] Initialized MultithreadedTaskDispatcher with 24 workers.
 -> (artifact id: '00000000000000000000000000000000') in 0.000418 seconds
Import Error Code:(4)
Message: Build asset version error: assets/data/ranking.xml in SourceAssetDB has modification time of '2025-05-15T10:31:33.0693601Z' while content on disk has modification time of '2025-05-15T10:33:01.0077109Z'
  ERROR: Build asset version error: assets/data/ranking.xml in SourceAssetDB has modification time of '2025-05-15T10:31:33.0693601Z' while content on disk has modification time of '2025-05-15T10:33:01.0077109Z'
Number of updated asset objects reloaded before import = 0
Number of asset objects unloaded after import = 0
========================================================================
Received Import Request.
  Time since last request: 0.003879 seconds.
  path: Assets/Data/ranking.xml
  artifactKey: Guid(02efc669b146beb4d9755ec7845c3b00) Importer(815301076,1909f56bfc062723c751e8b465ee728b)
Start importing Assets/Data/ranking.xml using Guid(02efc669b146beb4d9755ec7845c3b00) Importer(815301076,1909f56bfc062723c751e8b465ee728b) [PhysX] Initialized MultithreadedTaskDispatcher with 24 workers.
 -> (artifact id: '00000000000000000000000000000000') in 0.000386 seconds
Import Error Code:(4)
Message: Build asset version error: assets/data/ranking.xml in SourceAssetDB has modification time of '2025-05-15T10:31:33.0693601Z' while content on disk has modification time of '2025-05-15T10:33:01.0077109Z'
  ERROR: Build asset version error: assets/data/ranking.xml in SourceAssetDB has modification time of '2025-05-15T10:31:33.0693601Z' while content on disk has modification time of '2025-05-15T10:33:01.0077109Z'
Number of updated asset objects reloaded before import = 0
Number of asset objects unloaded after import = 0
========================================================================
Received Import Request.
  Time since last request: 0.004650 seconds.
  path: Assets/Data/ranking.xml
  artifactKey: Guid(02efc669b146beb4d9755ec7845c3b00) Importer(815301076,1909f56bfc062723c751e8b465ee728b)
Start importing Assets/Data/ranking.xml using Guid(02efc669b146beb4d9755ec7845c3b00) Importer(815301076,1909f56bfc062723c751e8b465ee728b) [PhysX] Initialized MultithreadedTaskDispatcher with 24 workers.
 -> (artifact id: '00000000000000000000000000000000') in 0.000469 seconds
Import Error Code:(4)
Message: Build asset version error: assets/data/ranking.xml in SourceAssetDB has modification time of '2025-05-15T10:31:33.0693601Z' while content on disk has modification time of '2025-05-15T10:33:01.0077109Z'
  ERROR: Build asset version error: assets/data/ranking.xml in SourceAssetDB has modification time of '2025-05-15T10:31:33.0693601Z' while content on disk has modification time of '2025-05-15T10:33:01.0077109Z'
Number of updated asset objects reloaded before import = 0
Number of asset objects unloaded after import = 0
========================================================================
Received Import Request.
  Time since last request: 0.003868 seconds.
  path: Assets/Data/ranking.xml
  artifactKey: Guid(02efc669b146beb4d9755ec7845c3b00) Importer(815301076,1909f56bfc062723c751e8b465ee728b)
Start importing Assets/Data/ranking.xml using Guid(02efc669b146beb4d9755ec7845c3b00) Importer(815301076,1909f56bfc062723c751e8b465ee728b) [PhysX] Initialized MultithreadedTaskDispatcher with 24 workers.
 -> (artifact id: '00000000000000000000000000000000') in 0.000401 seconds
Import Error Code:(4)
Message: Build asset version error: assets/data/ranking.xml in SourceAssetDB has modification time of '2025-05-15T10:31:33.0693601Z' while content on disk has modification time of '2025-05-15T10:33:01.0077109Z'
  ERROR: Build asset version error: assets/data/ranking.xml in SourceAssetDB has modification time of '2025-05-15T10:31:33.0693601Z' while content on disk has modification time of '2025-05-15T10:33:01.0077109Z'
Number of updated asset objects reloaded before import = 0
Number of asset objects unloaded after import = 0
========================================================================
Received Import Request.
  Time since last request: 0.003641 seconds.
  path: Assets/Data/ranking.xml
  artifactKey: Guid(02efc669b146beb4d9755ec7845c3b00) Importer(815301076,1909f56bfc062723c751e8b465ee728b)
Start importing Assets/Data/ranking.xml using Guid(02efc669b146beb4d9755ec7845c3b00) Importer(815301076,1909f56bfc062723c751e8b465ee728b) [PhysX] Initialized MultithreadedTaskDispatcher with 24 workers.
 -> (artifact id: '00000000000000000000000000000000') in 0.000361 seconds
Import Error Code:(4)
Message: Build asset version error: assets/data/ranking.xml in SourceAssetDB has modification time of '2025-05-15T10:31:33.0693601Z' while content on disk has modification time of '2025-05-15T10:33:01.0077109Z'
  ERROR: Build asset version error: assets/data/ranking.xml in SourceAssetDB has modification time of '2025-05-15T10:31:33.0693601Z' while content on disk has modification time of '2025-05-15T10:33:01.0077109Z'
Number of updated asset objects reloaded before import = 0
Number of asset objects unloaded after import = 0
========================================================================
Received Import Request.
  Time since last request: 0.000255 seconds.
  path: Assets/Data/ranking.xml
  artifactKey: Guid(02efc669b146beb4d9755ec7845c3b00) Importer(815301076,1909f56bfc062723c751e8b465ee728b)
Start importing Assets/Data/ranking.xml using Guid(02efc669b146beb4d9755ec7845c3b00) Importer(815301076,1909f56bfc062723c751e8b465ee728b) [PhysX] Initialized MultithreadedTaskDispatcher with 24 workers.
 -> (artifact id: '00000000000000000000000000000000') in 0.000320 seconds
Import Error Code:(4)
Message: Build asset version error: assets/data/ranking.xml in SourceAssetDB has modification time of '2025-05-15T10:31:33.0693601Z' while content on disk has modification time of '2025-05-15T10:33:01.0077109Z'
  ERROR: Build asset version error: assets/data/ranking.xml in SourceAssetDB has modification time of '2025-05-15T10:31:33.0693601Z' while content on disk has modification time of '2025-05-15T10:33:01.0077109Z'
Number of updated asset objects reloaded before import = 0
Number of asset objects unloaded after import = 0
========================================================================
Received Import Request.
  Time since last request: 0.003417 seconds.
  path: Assets/Data/ranking.xml
  artifactKey: Guid(02efc669b146beb4d9755ec7845c3b00) Importer(815301076,1909f56bfc062723c751e8b465ee728b)
Start importing Assets/Data/ranking.xml using Guid(02efc669b146beb4d9755ec7845c3b00) Importer(815301076,1909f56bfc062723c751e8b465ee728b) [PhysX] Initialized MultithreadedTaskDispatcher with 24 workers.
 -> (artifact id: '00000000000000000000000000000000') in 0.000406 seconds
Import Error Code:(4)
Message: Build asset version error: assets/data/ranking.xml in SourceAssetDB has modification time of '2025-05-15T10:31:33.0693601Z' while content on disk has modification time of '2025-05-15T10:33:01.0077109Z'
  ERROR: Build asset version error: assets/data/ranking.xml in SourceAssetDB has modification time of '2025-05-15T10:31:33.0693601Z' while content on disk has modification time of '2025-05-15T10:33:01.0077109Z'
Number of updated asset objects reloaded before import = 0
Number of asset objects unloaded after import = 0
========================================================================
Received Import Request.
  Time since last request: 0.004156 seconds.
  path: Assets/Data/ranking.xml
  artifactKey: Guid(02efc669b146beb4d9755ec7845c3b00) Importer(815301076,1909f56bfc062723c751e8b465ee728b)
Start importing Assets/Data/ranking.xml using Guid(02efc669b146beb4d9755ec7845c3b00) Importer(815301076,1909f56bfc062723c751e8b465ee728b) [PhysX] Initialized MultithreadedTaskDispatcher with 24 workers.
 -> (artifact id: '00000000000000000000000000000000') in 0.000411 seconds
Import Error Code:(4)
Message: Build asset version error: assets/data/ranking.xml in SourceAssetDB has modification time of '2025-05-15T10:31:33.0693601Z' while content on disk has modification time of '2025-05-15T10:33:01.0077109Z'
  ERROR: Build asset version error: assets/data/ranking.xml in SourceAssetDB has modification time of '2025-05-15T10:31:33.0693601Z' while content on disk has modification time of '2025-05-15T10:33:01.0077109Z'
Number of updated asset objects reloaded before import = 0
Number of asset objects unloaded after import = 0
========================================================================
Received Import Request.
  Time since last request: 0.004158 seconds.
  path: Assets/Data/ranking.xml
  artifactKey: Guid(02efc669b146beb4d9755ec7845c3b00) Importer(815301076,1909f56bfc062723c751e8b465ee728b)
Start importing Assets/Data/ranking.xml using Guid(02efc669b146beb4d9755ec7845c3b00) Importer(815301076,1909f56bfc062723c751e8b465ee728b) [PhysX] Initialized MultithreadedTaskDispatcher with 24 workers.
 -> (artifact id: '00000000000000000000000000000000') in 0.000411 seconds
Import Error Code:(4)
Message: Build asset version error: assets/data/ranking.xml in SourceAssetDB has modification time of '2025-05-15T10:31:33.0693601Z' while content on disk has modification time of '2025-05-15T10:33:01.0077109Z'
  ERROR: Build asset version error: assets/data/ranking.xml in SourceAssetDB has modification time of '2025-05-15T10:31:33.0693601Z' while content on disk has modification time of '2025-05-15T10:33:01.0077109Z'
Number of updated asset objects reloaded before import = 0
Number of asset objects unloaded after import = 0
========================================================================
Received Import Request.
  Time since last request: 0.003869 seconds.
  path: Assets/Data/ranking.xml
  artifactKey: Guid(02efc669b146beb4d9755ec7845c3b00) Importer(815301076,1909f56bfc062723c751e8b465ee728b)
Start importing Assets/Data/ranking.xml using Guid(02efc669b146beb4d9755ec7845c3b00) Importer(815301076,1909f56bfc062723c751e8b465ee728b) [PhysX] Initialized MultithreadedTaskDispatcher with 24 workers.
 -> (artifact id: '00000000000000000000000000000000') in 0.000380 seconds
Import Error Code:(4)
Message: Build asset version error: assets/data/ranking.xml in SourceAssetDB has modification time of '2025-05-15T10:31:33.0693601Z' while content on disk has modification time of '2025-05-15T10:33:01.0077109Z'
  ERROR: Build asset version error: assets/data/ranking.xml in SourceAssetDB has modification time of '2025-05-15T10:31:33.0693601Z' while content on disk has modification time of '2025-05-15T10:33:01.0077109Z'
Number of updated asset objects reloaded before import = 0
Number of asset objects unloaded after import = 0
========================================================================
Received Import Request.
  Time since last request: 0.004126 seconds.
  path: Assets/Data/ranking.xml
  artifactKey: Guid(02efc669b146beb4d9755ec7845c3b00) Importer(815301076,1909f56bfc062723c751e8b465ee728b)
Start importing Assets/Data/ranking.xml using Guid(02efc669b146beb4d9755ec7845c3b00) Importer(815301076,1909f56bfc062723c751e8b465ee728b) [PhysX] Initialized MultithreadedTaskDispatcher with 24 workers.
 -> (artifact id: '00000000000000000000000000000000') in 0.000449 seconds
Import Error Code:(4)
Message: Build asset version error: assets/data/ranking.xml in SourceAssetDB has modification time of '2025-05-15T10:31:33.0693601Z' while content on disk has modification time of '2025-05-15T10:33:01.0077109Z'
  ERROR: Build asset version error: assets/data/ranking.xml in SourceAssetDB has modification time of '2025-05-15T10:31:33.0693601Z' while content on disk has modification time of '2025-05-15T10:33:01.0077109Z'
Number of updated asset objects reloaded before import = 0
Number of asset objects unloaded after import = 0
========================================================================
Received Import Request.
  Time since last request: 0.003903 seconds.
  path: Assets/Data/ranking.xml
  artifactKey: Guid(02efc669b146beb4d9755ec7845c3b00) Importer(815301076,1909f56bfc062723c751e8b465ee728b)
Start importing Assets/Data/ranking.xml using Guid(02efc669b146beb4d9755ec7845c3b00) Importer(815301076,1909f56bfc062723c751e8b465ee728b) [PhysX] Initialized MultithreadedTaskDispatcher with 24 workers.
 -> (artifact id: '00000000000000000000000000000000') in 0.000396 seconds
Import Error Code:(4)
Message: Build asset version error: assets/data/ranking.xml in SourceAssetDB has modification time of '2025-05-15T10:31:33.0693601Z' while content on disk has modification time of '2025-05-15T10:33:01.0077109Z'
  ERROR: Build asset version error: assets/data/ranking.xml in SourceAssetDB has modification time of '2025-05-15T10:31:33.0693601Z' while content on disk has modification time of '2025-05-15T10:33:01.0077109Z'
Number of updated asset objects reloaded before import = 0
Number of asset objects unloaded after import = 0
========================================================================
Received Import Request.
  Time since last request: 0.003941 seconds.
  path: Assets/Data/ranking.xml
  artifactKey: Guid(02efc669b146beb4d9755ec7845c3b00) Importer(815301076,1909f56bfc062723c751e8b465ee728b)
Start importing Assets/Data/ranking.xml using Guid(02efc669b146beb4d9755ec7845c3b00) Importer(815301076,1909f56bfc062723c751e8b465ee728b) [PhysX] Initialized MultithreadedTaskDispatcher with 24 workers.
 -> (artifact id: '00000000000000000000000000000000') in 0.000373 seconds
Import Error Code:(4)
Message: Build asset version error: assets/data/ranking.xml in SourceAssetDB has modification time of '2025-05-15T10:31:33.0693601Z' while content on disk has modification time of '2025-05-15T10:33:01.0077109Z'
  ERROR: Build asset version error: assets/data/ranking.xml in SourceAssetDB has modification time of '2025-05-15T10:31:33.0693601Z' while content on disk has modification time of '2025-05-15T10:33:01.0077109Z'
Number of updated asset objects reloaded before import = 0
Number of asset objects unloaded after import = 0
========================================================================
Received Import Request.
  Time since last request: 0.004917 seconds.
  path: Assets/Data/ranking.xml
  artifactKey: Guid(02efc669b146beb4d9755ec7845c3b00) Importer(815301076,1909f56bfc062723c751e8b465ee728b)
Start importing Assets/Data/ranking.xml using Guid(02efc669b146beb4d9755ec7845c3b00) Importer(815301076,1909f56bfc062723c751e8b465ee728b) [PhysX] Initialized MultithreadedTaskDispatcher with 24 workers.
 -> (artifact id: '00000000000000000000000000000000') in 0.000501 seconds
Import Error Code:(4)
Message: Build asset version error: assets/data/ranking.xml in SourceAssetDB has modification time of '2025-05-15T10:31:33.0693601Z' while content on disk has modification time of '2025-05-15T10:33:01.0077109Z'
  ERROR: Build asset version error: assets/data/ranking.xml in SourceAssetDB has modification time of '2025-05-15T10:31:33.0693601Z' while content on disk has modification time of '2025-05-15T10:33:01.0077109Z'
Number of updated asset objects reloaded before import = 0
Number of asset objects unloaded after import = 0
========================================================================
Received Import Request.
  Time since last request: 0.004245 seconds.
  path: Assets/Data/ranking.xml
  artifactKey: Guid(02efc669b146beb4d9755ec7845c3b00) Importer(815301076,1909f56bfc062723c751e8b465ee728b)
Start importing Assets/Data/ranking.xml using Guid(02efc669b146beb4d9755ec7845c3b00) Importer(815301076,1909f56bfc062723c751e8b465ee728b) [PhysX] Initialized MultithreadedTaskDispatcher with 24 workers.
 -> (artifact id: '00000000000000000000000000000000') in 0.000434 seconds
Import Error Code:(4)
Message: Build asset version error: assets/data/ranking.xml in SourceAssetDB has modification time of '2025-05-15T10:31:33.0693601Z' while content on disk has modification time of '2025-05-15T10:33:01.0077109Z'
  ERROR: Build asset version error: assets/data/ranking.xml in SourceAssetDB has modification time of '2025-05-15T10:31:33.0693601Z' while content on disk has modification time of '2025-05-15T10:33:01.0077109Z'
Number of updated asset objects reloaded before import = 0
Number of asset objects unloaded after import = 0
========================================================================
Received Import Request.
  Time since last request: 0.004115 seconds.
  path: Assets/Data/ranking.xml
  artifactKey: Guid(02efc669b146beb4d9755ec7845c3b00) Importer(815301076,1909f56bfc062723c751e8b465ee728b)
Start importing Assets/Data/ranking.xml using Guid(02efc669b146beb4d9755ec7845c3b00) Importer(815301076,1909f56bfc062723c751e8b465ee728b) [PhysX] Initialized MultithreadedTaskDispatcher with 24 workers.
 -> (artifact id: '00000000000000000000000000000000') in 0.000388 seconds
Import Error Code:(4)
Message: Build asset version error: assets/data/ranking.xml in SourceAssetDB has modification time of '2025-05-15T10:31:33.0693601Z' while content on disk has modification time of '2025-05-15T10:33:01.0077109Z'
  ERROR: Build asset version error: assets/data/ranking.xml in SourceAssetDB has modification time of '2025-05-15T10:31:33.0693601Z' while content on disk has modification time of '2025-05-15T10:33:01.0077109Z'
Number of updated asset objects reloaded before import = 0
Number of asset objects unloaded after import = 0
========================================================================
Received Import Request.
  Time since last request: 0.004905 seconds.
  path: Assets/Data/ranking.xml
  artifactKey: Guid(02efc669b146beb4d9755ec7845c3b00) Importer(815301076,1909f56bfc062723c751e8b465ee728b)
Start importing Assets/Data/ranking.xml using Guid(02efc669b146beb4d9755ec7845c3b00) Importer(815301076,1909f56bfc062723c751e8b465ee728b) [PhysX] Initialized MultithreadedTaskDispatcher with 24 workers.
 -> (artifact id: '00000000000000000000000000000000') in 0.000467 seconds
Import Error Code:(4)
Message: Build asset version error: assets/data/ranking.xml in SourceAssetDB has modification time of '2025-05-15T10:31:33.0693601Z' while content on disk has modification time of '2025-05-15T10:33:01.0077109Z'
  ERROR: Build asset version error: assets/data/ranking.xml in SourceAssetDB has modification time of '2025-05-15T10:31:33.0693601Z' while content on disk has modification time of '2025-05-15T10:33:01.0077109Z'
Number of updated asset objects reloaded before import = 0
Number of asset objects unloaded after import = 0
========================================================================
Received Import Request.
  Time since last request: 0.004165 seconds.
  path: Assets/Data/ranking.xml
  artifactKey: Guid(02efc669b146beb4d9755ec7845c3b00) Importer(815301076,1909f56bfc062723c751e8b465ee728b)
Start importing Assets/Data/ranking.xml using Guid(02efc669b146beb4d9755ec7845c3b00) Importer(815301076,1909f56bfc062723c751e8b465ee728b) [PhysX] Initialized MultithreadedTaskDispatcher with 24 workers.
 -> (artifact id: '00000000000000000000000000000000') in 0.000423 seconds
Import Error Code:(4)
Message: Build asset version error: assets/data/ranking.xml in SourceAssetDB has modification time of '2025-05-15T10:31:33.0693601Z' while content on disk has modification time of '2025-05-15T10:33:01.0077109Z'
  ERROR: Build asset version error: assets/data/ranking.xml in SourceAssetDB has modification time of '2025-05-15T10:31:33.0693601Z' while content on disk has modification time of '2025-05-15T10:33:01.0077109Z'
Number of updated asset objects reloaded before import = 0
Number of asset objects unloaded after import = 0
========================================================================
Received Import Request.
  Time since last request: 0.004023 seconds.
  path: Assets/Data/ranking.xml
  artifactKey: Guid(02efc669b146beb4d9755ec7845c3b00) Importer(815301076,1909f56bfc062723c751e8b465ee728b)
Start importing Assets/Data/ranking.xml using Guid(02efc669b146beb4d9755ec7845c3b00) Importer(815301076,1909f56bfc062723c751e8b465ee728b) [PhysX] Initialized MultithreadedTaskDispatcher with 24 workers.
 -> (artifact id: '00000000000000000000000000000000') in 0.000375 seconds
Import Error Code:(4)
Message: Build asset version error: assets/data/ranking.xml in SourceAssetDB has modification time of '2025-05-15T10:31:33.0693601Z' while content on disk has modification time of '2025-05-15T10:33:01.0077109Z'
  ERROR: Build asset version error: assets/data/ranking.xml in SourceAssetDB has modification time of '2025-05-15T10:31:33.0693601Z' while content on disk has modification time of '2025-05-15T10:33:01.0077109Z'
Number of updated asset objects reloaded before import = 0
Number of asset objects unloaded after import = 0
========================================================================
Received Import Request.
  Time since last request: 0.004211 seconds.
  path: Assets/Data/ranking.xml
  artifactKey: Guid(02efc669b146beb4d9755ec7845c3b00) Importer(815301076,1909f56bfc062723c751e8b465ee728b)
Start importing Assets/Data/ranking.xml using Guid(02efc669b146beb4d9755ec7845c3b00) Importer(815301076,1909f56bfc062723c751e8b465ee728b) [PhysX] Initialized MultithreadedTaskDispatcher with 24 workers.
 -> (artifact id: '00000000000000000000000000000000') in 0.000476 seconds
Import Error Code:(4)
Message: Build asset version error: assets/data/ranking.xml in SourceAssetDB has modification time of '2025-05-15T10:31:33.0693601Z' while content on disk has modification time of '2025-05-15T10:33:01.0077109Z'
  ERROR: Build asset version error: assets/data/ranking.xml in SourceAssetDB has modification time of '2025-05-15T10:31:33.0693601Z' while content on disk has modification time of '2025-05-15T10:33:01.0077109Z'
Number of updated asset objects reloaded before import = 0
Number of asset objects unloaded after import = 0
========================================================================
Received Import Request.
  Time since last request: 0.003734 seconds.
  path: Assets/Data/ranking.xml
  artifactKey: Guid(02efc669b146beb4d9755ec7845c3b00) Importer(815301076,1909f56bfc062723c751e8b465ee728b)
Start importing Assets/Data/ranking.xml using Guid(02efc669b146beb4d9755ec7845c3b00) Importer(815301076,1909f56bfc062723c751e8b465ee728b) [PhysX] Initialized MultithreadedTaskDispatcher with 24 workers.
 -> (artifact id: '00000000000000000000000000000000') in 0.000440 seconds
Import Error Code:(4)
Message: Build asset version error: assets/data/ranking.xml in SourceAssetDB has modification time of '2025-05-15T10:31:33.0693601Z' while content on disk has modification time of '2025-05-15T10:33:01.0077109Z'
  ERROR: Build asset version error: assets/data/ranking.xml in SourceAssetDB has modification time of '2025-05-15T10:31:33.0693601Z' while content on disk has modification time of '2025-05-15T10:33:01.0077109Z'
Number of updated asset objects reloaded before import = 0
Number of asset objects unloaded after import = 0
========================================================================
Received Import Request.
  Time since last request: 0.003904 seconds.
  path: Assets/Data/ranking.xml
  artifactKey: Guid(02efc669b146beb4d9755ec7845c3b00) Importer(815301076,1909f56bfc062723c751e8b465ee728b)
Start importing Assets/Data/ranking.xml using Guid(02efc669b146beb4d9755ec7845c3b00) Importer(815301076,1909f56bfc062723c751e8b465ee728b) [PhysX] Initialized MultithreadedTaskDispatcher with 24 workers.
 -> (artifact id: '00000000000000000000000000000000') in 0.000400 seconds
Import Error Code:(4)
Message: Build asset version error: assets/data/ranking.xml in SourceAssetDB has modification time of '2025-05-15T10:31:33.0693601Z' while content on disk has modification time of '2025-05-15T10:33:01.0077109Z'
  ERROR: Build asset version error: assets/data/ranking.xml in SourceAssetDB has modification time of '2025-05-15T10:31:33.0693601Z' while content on disk has modification time of '2025-05-15T10:33:01.0077109Z'
Number of updated asset objects reloaded before import = 0
Number of asset objects unloaded after import = 0
========================================================================
Received Import Request.
  Time since last request: 0.004015 seconds.
  path: Assets/Data/ranking.xml
  artifactKey: Guid(02efc669b146beb4d9755ec7845c3b00) Importer(815301076,1909f56bfc062723c751e8b465ee728b)
Start importing Assets/Data/ranking.xml using Guid(02efc669b146beb4d9755ec7845c3b00) Importer(815301076,1909f56bfc062723c751e8b465ee728b) [PhysX] Initialized MultithreadedTaskDispatcher with 24 workers.
 -> (artifact id: '00000000000000000000000000000000') in 0.000428 seconds
Import Error Code:(4)
Message: Build asset version error: assets/data/ranking.xml in SourceAssetDB has modification time of '2025-05-15T10:31:33.0693601Z' while content on disk has modification time of '2025-05-15T10:33:01.0077109Z'
  ERROR: Build asset version error: assets/data/ranking.xml in SourceAssetDB has modification time of '2025-05-15T10:31:33.0693601Z' while content on disk has modification time of '2025-05-15T10:33:01.0077109Z'
Number of updated asset objects reloaded before import = 0
Number of asset objects unloaded after import = 0
========================================================================
Received Import Request.
  Time since last request: 0.004283 seconds.
  path: Assets/Data/ranking.xml
  artifactKey: Guid(02efc669b146beb4d9755ec7845c3b00) Importer(815301076,1909f56bfc062723c751e8b465ee728b)
Start importing Assets/Data/ranking.xml using Guid(02efc669b146beb4d9755ec7845c3b00) Importer(815301076,1909f56bfc062723c751e8b465ee728b) [PhysX] Initialized MultithreadedTaskDispatcher with 24 workers.
 -> (artifact id: '00000000000000000000000000000000') in 0.000441 seconds
Import Error Code:(4)
Message: Build asset version error: assets/data/ranking.xml in SourceAssetDB has modification time of '2025-05-15T10:31:33.0693601Z' while content on disk has modification time of '2025-05-15T10:33:01.0077109Z'
  ERROR: Build asset version error: assets/data/ranking.xml in SourceAssetDB has modification time of '2025-05-15T10:31:33.0693601Z' while content on disk has modification time of '2025-05-15T10:33:01.0077109Z'
Number of updated asset objects reloaded before import = 0
Number of asset objects unloaded after import = 0
========================================================================
Received Import Request.
  Time since last request: 0.004450 seconds.
  path: Assets/Data/ranking.xml
  artifactKey: Guid(02efc669b146beb4d9755ec7845c3b00) Importer(815301076,1909f56bfc062723c751e8b465ee728b)
Start importing Assets/Data/ranking.xml using Guid(02efc669b146beb4d9755ec7845c3b00) Importer(815301076,1909f56bfc062723c751e8b465ee728b) [PhysX] Initialized MultithreadedTaskDispatcher with 24 workers.
 -> (artifact id: '00000000000000000000000000000000') in 0.000508 seconds
Import Error Code:(4)
Message: Build asset version error: assets/data/ranking.xml in SourceAssetDB has modification time of '2025-05-15T10:31:33.0693601Z' while content on disk has modification time of '2025-05-15T10:33:01.0077109Z'
  ERROR: Build asset version error: assets/data/ranking.xml in SourceAssetDB has modification time of '2025-05-15T10:31:33.0693601Z' while content on disk has modification time of '2025-05-15T10:33:01.0077109Z'
Number of updated asset objects reloaded before import = 0
Number of asset objects unloaded after import = 0
========================================================================
Received Import Request.
  Time since last request: 0.003667 seconds.
  path: Assets/Data/ranking.xml
  artifactKey: Guid(02efc669b146beb4d9755ec7845c3b00) Importer(815301076,1909f56bfc062723c751e8b465ee728b)
Start importing Assets/Data/ranking.xml using Guid(02efc669b146beb4d9755ec7845c3b00) Importer(815301076,1909f56bfc062723c751e8b465ee728b) [PhysX] Initialized MultithreadedTaskDispatcher with 24 workers.
 -> (artifact id: '00000000000000000000000000000000') in 0.000406 seconds
Import Error Code:(4)
Message: Build asset version error: assets/data/ranking.xml in SourceAssetDB has modification time of '2025-05-15T10:31:33.0693601Z' while content on disk has modification time of '2025-05-15T10:33:01.0077109Z'
  ERROR: Build asset version error: assets/data/ranking.xml in SourceAssetDB has modification time of '2025-05-15T10:31:33.0693601Z' while content on disk has modification time of '2025-05-15T10:33:01.0077109Z'
Number of updated asset objects reloaded before import = 0
Number of asset objects unloaded after import = 0
========================================================================
Received Import Request.
  Time since last request: 0.003941 seconds.
  path: Assets/Data/ranking.xml
  artifactKey: Guid(02efc669b146beb4d9755ec7845c3b00) Importer(815301076,1909f56bfc062723c751e8b465ee728b)
Start importing Assets/Data/ranking.xml using Guid(02efc669b146beb4d9755ec7845c3b00) Importer(815301076,1909f56bfc062723c751e8b465ee728b) [PhysX] Initialized MultithreadedTaskDispatcher with 24 workers.
 -> (artifact id: '00000000000000000000000000000000') in 0.000420 seconds
Import Error Code:(4)
Message: Build asset version error: assets/data/ranking.xml in SourceAssetDB has modification time of '2025-05-15T10:31:33.0693601Z' while content on disk has modification time of '2025-05-15T10:33:01.0077109Z'
  ERROR: Build asset version error: assets/data/ranking.xml in SourceAssetDB has modification time of '2025-05-15T10:31:33.0693601Z' while content on disk has modification time of '2025-05-15T10:33:01.0077109Z'
Number of updated asset objects reloaded before import = 0
Number of asset objects unloaded after import = 0
========================================================================
Received Import Request.
  Time since last request: 0.003429 seconds.
  path: Assets/Data/ranking.xml
  artifactKey: Guid(02efc669b146beb4d9755ec7845c3b00) Importer(815301076,1909f56bfc062723c751e8b465ee728b)
Start importing Assets/Data/ranking.xml using Guid(02efc669b146beb4d9755ec7845c3b00) Importer(815301076,1909f56bfc062723c751e8b465ee728b) [PhysX] Initialized MultithreadedTaskDispatcher with 24 workers.
 -> (artifact id: '00000000000000000000000000000000') in 0.000471 seconds
Import Error Code:(4)
Message: Build asset version error: assets/data/ranking.xml in SourceAssetDB has modification time of '2025-05-15T10:31:33.0693601Z' while content on disk has modification time of '2025-05-15T10:33:01.0077109Z'
  ERROR: Build asset version error: assets/data/ranking.xml in SourceAssetDB has modification time of '2025-05-15T10:31:33.0693601Z' while content on disk has modification time of '2025-05-15T10:33:01.0077109Z'
Number of updated asset objects reloaded before import = 0
Number of asset objects unloaded after import = 0
========================================================================
Received Import Request.
  Time since last request: 0.004189 seconds.
  path: Assets/Data/ranking.xml
  artifactKey: Guid(02efc669b146beb4d9755ec7845c3b00) Importer(815301076,1909f56bfc062723c751e8b465ee728b)
Start importing Assets/Data/ranking.xml using Guid(02efc669b146beb4d9755ec7845c3b00) Importer(815301076,1909f56bfc062723c751e8b465ee728b) [PhysX] Initialized MultithreadedTaskDispatcher with 24 workers.
 -> (artifact id: '00000000000000000000000000000000') in 0.000423 seconds
Import Error Code:(4)
Message: Build asset version error: assets/data/ranking.xml in SourceAssetDB has modification time of '2025-05-15T10:31:33.0693601Z' while content on disk has modification time of '2025-05-15T10:33:01.0077109Z'
  ERROR: Build asset version error: assets/data/ranking.xml in SourceAssetDB has modification time of '2025-05-15T10:31:33.0693601Z' while content on disk has modification time of '2025-05-15T10:33:01.0077109Z'
Number of updated asset objects reloaded before import = 0
Number of asset objects unloaded after import = 0
========================================================================
Received Import Request.
  Time since last request: 0.003525 seconds.
  path: Assets/Data/ranking.xml
  artifactKey: Guid(02efc669b146beb4d9755ec7845c3b00) Importer(815301076,1909f56bfc062723c751e8b465ee728b)
Start importing Assets/Data/ranking.xml using Guid(02efc669b146beb4d9755ec7845c3b00) Importer(815301076,1909f56bfc062723c751e8b465ee728b) [PhysX] Initialized MultithreadedTaskDispatcher with 24 workers.
 -> (artifact id: '00000000000000000000000000000000') in 0.000436 seconds
Import Error Code:(4)
Message: Build asset version error: assets/data/ranking.xml in SourceAssetDB has modification time of '2025-05-15T10:31:33.0693601Z' while content on disk has modification time of '2025-05-15T10:33:01.0077109Z'
  ERROR: Build asset version error: assets/data/ranking.xml in SourceAssetDB has modification time of '2025-05-15T10:31:33.0693601Z' while content on disk has modification time of '2025-05-15T10:33:01.0077109Z'
Number of updated asset objects reloaded before import = 0
Number of asset objects unloaded after import = 0
========================================================================
Received Import Request.
  Time since last request: 0.004083 seconds.
  path: Assets/Data/ranking.xml
  artifactKey: Guid(02efc669b146beb4d9755ec7845c3b00) Importer(815301076,1909f56bfc062723c751e8b465ee728b)
Start importing Assets/Data/ranking.xml using Guid(02efc669b146beb4d9755ec7845c3b00) Importer(815301076,1909f56bfc062723c751e8b465ee728b) [PhysX] Initialized MultithreadedTaskDispatcher with 24 workers.
 -> (artifact id: '00000000000000000000000000000000') in 0.000389 seconds
Import Error Code:(4)
Message: Build asset version error: assets/data/ranking.xml in SourceAssetDB has modification time of '2025-05-15T10:31:33.0693601Z' while content on disk has modification time of '2025-05-15T10:33:01.0077109Z'
  ERROR: Build asset version error: assets/data/ranking.xml in SourceAssetDB has modification time of '2025-05-15T10:31:33.0693601Z' while content on disk has modification time of '2025-05-15T10:33:01.0077109Z'
Number of updated asset objects reloaded before import = 0
Number of asset objects unloaded after import = 0
========================================================================
Received Import Request.
  Time since last request: 0.004276 seconds.
  path: Assets/Data/ranking.xml
  artifactKey: Guid(02efc669b146beb4d9755ec7845c3b00) Importer(815301076,1909f56bfc062723c751e8b465ee728b)
Start importing Assets/Data/ranking.xml using Guid(02efc669b146beb4d9755ec7845c3b00) Importer(815301076,1909f56bfc062723c751e8b465ee728b) [PhysX] Initialized MultithreadedTaskDispatcher with 24 workers.
 -> (artifact id: '00000000000000000000000000000000') in 0.000415 seconds
Import Error Code:(4)
Message: Build asset version error: assets/data/ranking.xml in SourceAssetDB has modification time of '2025-05-15T10:31:33.0693601Z' while content on disk has modification time of '2025-05-15T10:33:01.0077109Z'
  ERROR: Build asset version error: assets/data/ranking.xml in SourceAssetDB has modification time of '2025-05-15T10:31:33.0693601Z' while content on disk has modification time of '2025-05-15T10:33:01.0077109Z'
Number of updated asset objects reloaded before import = 0
Number of asset objects unloaded after import = 0
========================================================================
Received Import Request.
  Time since last request: 0.003859 seconds.
  path: Assets/Data/ranking.xml
  artifactKey: Guid(02efc669b146beb4d9755ec7845c3b00) Importer(815301076,1909f56bfc062723c751e8b465ee728b)
Start importing Assets/Data/ranking.xml using Guid(02efc669b146beb4d9755ec7845c3b00) Importer(815301076,1909f56bfc062723c751e8b465ee728b) [PhysX] Initialized MultithreadedTaskDispatcher with 24 workers.
 -> (artifact id: '00000000000000000000000000000000') in 0.000396 seconds
Import Error Code:(4)
Message: Build asset version error: assets/data/ranking.xml in SourceAssetDB has modification time of '2025-05-15T10:31:33.0693601Z' while content on disk has modification time of '2025-05-15T10:33:01.0077109Z'
  ERROR: Build asset version error: assets/data/ranking.xml in SourceAssetDB has modification time of '2025-05-15T10:31:33.0693601Z' while content on disk has modification time of '2025-05-15T10:33:01.0077109Z'
Number of updated asset objects reloaded before import = 0
Number of asset objects unloaded after import = 0
========================================================================
Received Import Request.
  Time since last request: 0.004007 seconds.
  path: Assets/Data/ranking.xml
  artifactKey: Guid(02efc669b146beb4d9755ec7845c3b00) Importer(815301076,1909f56bfc062723c751e8b465ee728b)
Start importing Assets/Data/ranking.xml using Guid(02efc669b146beb4d9755ec7845c3b00) Importer(815301076,1909f56bfc062723c751e8b465ee728b) [PhysX] Initialized MultithreadedTaskDispatcher with 24 workers.
 -> (artifact id: '00000000000000000000000000000000') in 0.000375 seconds
Import Error Code:(4)
Message: Build asset version error: assets/data/ranking.xml in SourceAssetDB has modification time of '2025-05-15T10:31:33.0693601Z' while content on disk has modification time of '2025-05-15T10:33:01.0077109Z'
  ERROR: Build asset version error: assets/data/ranking.xml in SourceAssetDB has modification time of '2025-05-15T10:31:33.0693601Z' while content on disk has modification time of '2025-05-15T10:33:01.0077109Z'
Number of updated asset objects reloaded before import = 0
Number of asset objects unloaded after import = 0
========================================================================
Received Import Request.
  Time since last request: 0.000203 seconds.
  path: Assets/Data/ranking.xml
  artifactKey: Guid(02efc669b146beb4d9755ec7845c3b00) Importer(815301076,1909f56bfc062723c751e8b465ee728b)
Start importing Assets/Data/ranking.xml using Guid(02efc669b146beb4d9755ec7845c3b00) Importer(815301076,1909f56bfc062723c751e8b465ee728b) [PhysX] Initialized MultithreadedTaskDispatcher with 24 workers.
 -> (artifact id: '00000000000000000000000000000000') in 0.000344 seconds
Import Error Code:(4)
Message: Build asset version error: assets/data/ranking.xml in SourceAssetDB has modification time of '2025-05-15T10:31:33.0693601Z' while content on disk has modification time of '2025-05-15T10:33:01.0077109Z'
  ERROR: Build asset version error: assets/data/ranking.xml in SourceAssetDB has modification time of '2025-05-15T10:31:33.0693601Z' while content on disk has modification time of '2025-05-15T10:33:01.0077109Z'
Number of updated asset objects reloaded before import = 0
Number of asset objects unloaded after import = 0
========================================================================
Received Import Request.
  Time since last request: 0.003317 seconds.
  path: Assets/Data/ranking.xml
  artifactKey: Guid(02efc669b146beb4d9755ec7845c3b00) Importer(815301076,1909f56bfc062723c751e8b465ee728b)
Start importing Assets/Data/ranking.xml using Guid(02efc669b146beb4d9755ec7845c3b00) Importer(815301076,1909f56bfc062723c751e8b465ee728b) [PhysX] Initialized MultithreadedTaskDispatcher with 24 workers.
 -> (artifact id: '00000000000000000000000000000000') in 0.000356 seconds
Import Error Code:(4)
Message: Build asset version error: assets/data/ranking.xml in SourceAssetDB has modification time of '2025-05-15T10:31:33.0693601Z' while content on disk has modification time of '2025-05-15T10:33:01.0077109Z'
  ERROR: Build asset version error: assets/data/ranking.xml in SourceAssetDB has modification time of '2025-05-15T10:31:33.0693601Z' while content on disk has modification time of '2025-05-15T10:33:01.0077109Z'
Number of updated asset objects reloaded before import = 0
Number of asset objects unloaded after import = 0
========================================================================
Received Import Request.
  Time since last request: 0.000206 seconds.
  path: Assets/Data/ranking.xml
  artifactKey: Guid(02efc669b146beb4d9755ec7845c3b00) Importer(815301076,1909f56bfc062723c751e8b465ee728b)
Start importing Assets/Data/ranking.xml using Guid(02efc669b146beb4d9755ec7845c3b00) Importer(815301076,1909f56bfc062723c751e8b465ee728b) [PhysX] Initialized MultithreadedTaskDispatcher with 24 workers.
 -> (artifact id: '00000000000000000000000000000000') in 0.000336 seconds
Import Error Code:(4)
Message: Build asset version error: assets/data/ranking.xml in SourceAssetDB has modification time of '2025-05-15T10:31:33.0693601Z' while content on disk has modification time of '2025-05-15T10:33:01.0077109Z'
  ERROR: Build asset version error: assets/data/ranking.xml in SourceAssetDB has modification time of '2025-05-15T10:31:33.0693601Z' while content on disk has modification time of '2025-05-15T10:33:01.0077109Z'
Number of updated asset objects reloaded before import = 0
Number of asset objects unloaded after import = 0
========================================================================
Received Import Request.
  Time since last request: 0.003470 seconds.
  path: Assets/Data/ranking.xml
  artifactKey: Guid(02efc669b146beb4d9755ec7845c3b00) Importer(815301076,1909f56bfc062723c751e8b465ee728b)
Start importing Assets/Data/ranking.xml using Guid(02efc669b146beb4d9755ec7845c3b00) Importer(815301076,1909f56bfc062723c751e8b465ee728b) [PhysX] Initialized MultithreadedTaskDispatcher with 24 workers.
 -> (artifact id: '00000000000000000000000000000000') in 0.000380 seconds
Import Error Code:(4)
Message: Build asset version error: assets/data/ranking.xml in SourceAssetDB has modification time of '2025-05-15T10:31:33.0693601Z' while content on disk has modification time of '2025-05-15T10:33:01.0077109Z'
  ERROR: Build asset version error: assets/data/ranking.xml in SourceAssetDB has modification time of '2025-05-15T10:31:33.0693601Z' while content on disk has modification time of '2025-05-15T10:33:01.0077109Z'
Number of updated asset objects reloaded before import = 0
Number of asset objects unloaded after import = 0
========================================================================
Received Import Request.
  Time since last request: 0.000172 seconds.
  path: Assets/Data/ranking.xml
  artifactKey: Guid(02efc669b146beb4d9755ec7845c3b00) Importer(815301076,1909f56bfc062723c751e8b465ee728b)
Start importing Assets/Data/ranking.xml using Guid(02efc669b146beb4d9755ec7845c3b00) Importer(815301076,1909f56bfc062723c751e8b465ee728b) [PhysX] Initialized MultithreadedTaskDispatcher with 24 workers.
 -> (artifact id: '00000000000000000000000000000000') in 0.000320 seconds
Import Error Code:(4)
Message: Build asset version error: assets/data/ranking.xml in SourceAssetDB has modification time of '2025-05-15T10:31:33.0693601Z' while content on disk has modification time of '2025-05-15T10:33:01.0077109Z'
  ERROR: Build asset version error: assets/data/ranking.xml in SourceAssetDB has modification time of '2025-05-15T10:31:33.0693601Z' while content on disk has modification time of '2025-05-15T10:33:01.0077109Z'
Number of updated asset objects reloaded before import = 0
Number of asset objects unloaded after import = 0
========================================================================
Received Import Request.
  Time since last request: 0.003795 seconds.
  path: Assets/Data/ranking.xml
  artifactKey: Guid(02efc669b146beb4d9755ec7845c3b00) Importer(815301076,1909f56bfc062723c751e8b465ee728b)
Start importing Assets/Data/ranking.xml using Guid(02efc669b146beb4d9755ec7845c3b00) Importer(815301076,1909f56bfc062723c751e8b465ee728b) [PhysX] Initialized MultithreadedTaskDispatcher with 24 workers.
 -> (artifact id: '00000000000000000000000000000000') in 0.000437 seconds
Import Error Code:(4)
Message: Build asset version error: assets/data/ranking.xml in SourceAssetDB has modification time of '2025-05-15T10:31:33.0693601Z' while content on disk has modification time of '2025-05-15T10:33:01.0077109Z'
  ERROR: Build asset version error: assets/data/ranking.xml in SourceAssetDB has modification time of '2025-05-15T10:31:33.0693601Z' while content on disk has modification time of '2025-05-15T10:33:01.0077109Z'
Number of updated asset objects reloaded before import = 0
Number of asset objects unloaded after import = 0
========================================================================
Received Import Request.
  Time since last request: 0.003952 seconds.
  path: Assets/Data/ranking.xml
  artifactKey: Guid(02efc669b146beb4d9755ec7845c3b00) Importer(815301076,1909f56bfc062723c751e8b465ee728b)
Start importing Assets/Data/ranking.xml using Guid(02efc669b146beb4d9755ec7845c3b00) Importer(815301076,1909f56bfc062723c751e8b465ee728b) [PhysX] Initialized MultithreadedTaskDispatcher with 24 workers.
 -> (artifact id: '00000000000000000000000000000000') in 0.000425 seconds
Import Error Code:(4)
Message: Build asset version error: assets/data/ranking.xml in SourceAssetDB has modification time of '2025-05-15T10:31:33.0693601Z' while content on disk has modification time of '2025-05-15T10:33:01.0077109Z'
  ERROR: Build asset version error: assets/data/ranking.xml in SourceAssetDB has modification time of '2025-05-15T10:31:33.0693601Z' while content on disk has modification time of '2025-05-15T10:33:01.0077109Z'
Number of updated asset objects reloaded before import = 0
Number of asset objects unloaded after import = 0
========================================================================
Received Import Request.
  Time since last request: 0.004563 seconds.
  path: Assets/Data/ranking.xml
  artifactKey: Guid(02efc669b146beb4d9755ec7845c3b00) Importer(815301076,1909f56bfc062723c751e8b465ee728b)
Start importing Assets/Data/ranking.xml using Guid(02efc669b146beb4d9755ec7845c3b00) Importer(815301076,1909f56bfc062723c751e8b465ee728b) [PhysX] Initialized MultithreadedTaskDispatcher with 24 workers.
 -> (artifact id: '00000000000000000000000000000000') in 0.000479 seconds
Import Error Code:(4)
Message: Build asset version error: assets/data/ranking.xml in SourceAssetDB has modification time of '2025-05-15T10:31:33.0693601Z' while content on disk has modification time of '2025-05-15T10:33:01.0077109Z'
  ERROR: Build asset version error: assets/data/ranking.xml in SourceAssetDB has modification time of '2025-05-15T10:31:33.0693601Z' while content on disk has modification time of '2025-05-15T10:33:01.0077109Z'
Number of updated asset objects reloaded before import = 0
Number of asset objects unloaded after import = 0
========================================================================
Received Import Request.
  Time since last request: 0.004380 seconds.
  path: Assets/Data/ranking.xml
  artifactKey: Guid(02efc669b146beb4d9755ec7845c3b00) Importer(815301076,1909f56bfc062723c751e8b465ee728b)
Start importing Assets/Data/ranking.xml using Guid(02efc669b146beb4d9755ec7845c3b00) Importer(815301076,1909f56bfc062723c751e8b465ee728b) [PhysX] Initialized MultithreadedTaskDispatcher with 24 workers.
 -> (artifact id: '00000000000000000000000000000000') in 0.000481 seconds
Import Error Code:(4)
Message: Build asset version error: assets/data/ranking.xml in SourceAssetDB has modification time of '2025-05-15T10:31:33.0693601Z' while content on disk has modification time of '2025-05-15T10:33:01.0077109Z'
  ERROR: Build asset version error: assets/data/ranking.xml in SourceAssetDB has modification time of '2025-05-15T10:31:33.0693601Z' while content on disk has modification time of '2025-05-15T10:33:01.0077109Z'
Number of updated asset objects reloaded before import = 0
Number of asset objects unloaded after import = 0
========================================================================
Received Import Request.
  Time since last request: 0.004383 seconds.
  path: Assets/Data/ranking.xml
  artifactKey: Guid(02efc669b146beb4d9755ec7845c3b00) Importer(815301076,1909f56bfc062723c751e8b465ee728b)
Start importing Assets/Data/ranking.xml using Guid(02efc669b146beb4d9755ec7845c3b00) Importer(815301076,1909f56bfc062723c751e8b465ee728b) [PhysX] Initialized MultithreadedTaskDispatcher with 24 workers.
 -> (artifact id: '00000000000000000000000000000000') in 0.000431 seconds
Import Error Code:(4)
Message: Build asset version error: assets/data/ranking.xml in SourceAssetDB has modification time of '2025-05-15T10:31:33.0693601Z' while content on disk has modification time of '2025-05-15T10:33:01.0077109Z'
  ERROR: Build asset version error: assets/data/ranking.xml in SourceAssetDB has modification time of '2025-05-15T10:31:33.0693601Z' while content on disk has modification time of '2025-05-15T10:33:01.0077109Z'
Number of updated asset objects reloaded before import = 0
Number of asset objects unloaded after import = 0
========================================================================
Received Import Request.
  Time since last request: 0.004260 seconds.
  path: Assets/Data/ranking.xml
  artifactKey: Guid(02efc669b146beb4d9755ec7845c3b00) Importer(815301076,1909f56bfc062723c751e8b465ee728b)
Start importing Assets/Data/ranking.xml using Guid(02efc669b146beb4d9755ec7845c3b00) Importer(815301076,1909f56bfc062723c751e8b465ee728b) [PhysX] Initialized MultithreadedTaskDispatcher with 24 workers.
 -> (artifact id: '00000000000000000000000000000000') in 0.000510 seconds
Import Error Code:(4)
Message: Build asset version error: assets/data/ranking.xml in SourceAssetDB has modification time of '2025-05-15T10:31:33.0693601Z' while content on disk has modification time of '2025-05-15T10:33:01.0077109Z'
  ERROR: Build asset version error: assets/data/ranking.xml in SourceAssetDB has modification time of '2025-05-15T10:31:33.0693601Z' while content on disk has modification time of '2025-05-15T10:33:01.0077109Z'
Number of updated asset objects reloaded before import = 0
Number of asset objects unloaded after import = 0
========================================================================
Received Import Request.
  Time since last request: 0.004543 seconds.
  path: Assets/Data/ranking.xml
  artifactKey: Guid(02efc669b146beb4d9755ec7845c3b00) Importer(815301076,1909f56bfc062723c751e8b465ee728b)
Start importing Assets/Data/ranking.xml using Guid(02efc669b146beb4d9755ec7845c3b00) Importer(815301076,1909f56bfc062723c751e8b465ee728b) [PhysX] Initialized MultithreadedTaskDispatcher with 24 workers.
 -> (artifact id: '00000000000000000000000000000000') in 0.000519 seconds
Import Error Code:(4)
Message: Build asset version error: assets/data/ranking.xml in SourceAssetDB has modification time of '2025-05-15T10:31:33.0693601Z' while content on disk has modification time of '2025-05-15T10:33:01.0077109Z'
  ERROR: Build asset version error: assets/data/ranking.xml in SourceAssetDB has modification time of '2025-05-15T10:31:33.0693601Z' while content on disk has modification time of '2025-05-15T10:33:01.0077109Z'
Number of updated asset objects reloaded before import = 0
Number of asset objects unloaded after import = 0
========================================================================
Received Import Request.
  Time since last request: 0.004018 seconds.
  path: Assets/Data/ranking.xml
  artifactKey: Guid(02efc669b146beb4d9755ec7845c3b00) Importer(815301076,1909f56bfc062723c751e8b465ee728b)
Start importing Assets/Data/ranking.xml using Guid(02efc669b146beb4d9755ec7845c3b00) Importer(815301076,1909f56bfc062723c751e8b465ee728b) [PhysX] Initialized MultithreadedTaskDispatcher with 24 workers.
 -> (artifact id: '00000000000000000000000000000000') in 0.000476 seconds
Import Error Code:(4)
Message: Build asset version error: assets/data/ranking.xml in SourceAssetDB has modification time of '2025-05-15T10:31:33.0693601Z' while content on disk has modification time of '2025-05-15T10:33:01.0077109Z'
  ERROR: Build asset version error: assets/data/ranking.xml in SourceAssetDB has modification time of '2025-05-15T10:31:33.0693601Z' while content on disk has modification time of '2025-05-15T10:33:01.0077109Z'
Number of updated asset objects reloaded before import = 0
Number of asset objects unloaded after import = 0
========================================================================
Received Import Request.
  Time since last request: 0.004316 seconds.
  path: Assets/Data/ranking.xml
  artifactKey: Guid(02efc669b146beb4d9755ec7845c3b00) Importer(815301076,1909f56bfc062723c751e8b465ee728b)
Start importing Assets/Data/ranking.xml using Guid(02efc669b146beb4d9755ec7845c3b00) Importer(815301076,1909f56bfc062723c751e8b465ee728b) [PhysX] Initialized MultithreadedTaskDispatcher with 24 workers.
 -> (artifact id: '00000000000000000000000000000000') in 0.000535 seconds
Import Error Code:(4)
Message: Build asset version error: assets/data/ranking.xml in SourceAssetDB has modification time of '2025-05-15T10:31:33.0693601Z' while content on disk has modification time of '2025-05-15T10:33:01.0077109Z'
  ERROR: Build asset version error: assets/data/ranking.xml in SourceAssetDB has modification time of '2025-05-15T10:31:33.0693601Z' while content on disk has modification time of '2025-05-15T10:33:01.0077109Z'
Number of updated asset objects reloaded before import = 0
Number of asset objects unloaded after import = 0
========================================================================
Received Import Request.
  Time since last request: 0.004208 seconds.
  path: Assets/Data/ranking.xml
  artifactKey: Guid(02efc669b146beb4d9755ec7845c3b00) Importer(815301076,1909f56bfc062723c751e8b465ee728b)
Start importing Assets/Data/ranking.xml using Guid(02efc669b146beb4d9755ec7845c3b00) Importer(815301076,1909f56bfc062723c751e8b465ee728b) [PhysX] Initialized MultithreadedTaskDispatcher with 24 workers.
 -> (artifact id: '00000000000000000000000000000000') in 0.000456 seconds
Import Error Code:(4)
Message: Build asset version error: assets/data/ranking.xml in SourceAssetDB has modification time of '2025-05-15T10:31:33.0693601Z' while content on disk has modification time of '2025-05-15T10:33:01.0077109Z'
  ERROR: Build asset version error: assets/data/ranking.xml in SourceAssetDB has modification time of '2025-05-15T10:31:33.0693601Z' while content on disk has modification time of '2025-05-15T10:33:01.0077109Z'
Number of updated asset objects reloaded before import = 0
Number of asset objects unloaded after import = 0
========================================================================
Received Import Request.
  Time since last request: 0.003899 seconds.
  path: Assets/Data/ranking.xml
  artifactKey: Guid(02efc669b146beb4d9755ec7845c3b00) Importer(815301076,1909f56bfc062723c751e8b465ee728b)
Start importing Assets/Data/ranking.xml using Guid(02efc669b146beb4d9755ec7845c3b00) Importer(815301076,1909f56bfc062723c751e8b465ee728b) [PhysX] Initialized MultithreadedTaskDispatcher with 24 workers.
 -> (artifact id: '00000000000000000000000000000000') in 0.000443 seconds
Import Error Code:(4)
Message: Build asset version error: assets/data/ranking.xml in SourceAssetDB has modification time of '2025-05-15T10:31:33.0693601Z' while content on disk has modification time of '2025-05-15T10:33:01.0077109Z'
  ERROR: Build asset version error: assets/data/ranking.xml in SourceAssetDB has modification time of '2025-05-15T10:31:33.0693601Z' while content on disk has modification time of '2025-05-15T10:33:01.0077109Z'
Number of updated asset objects reloaded before import = 0
Number of asset objects unloaded after import = 0
========================================================================
Received Import Request.
  Time since last request: 0.004022 seconds.
  path: Assets/Data/ranking.xml
  artifactKey: Guid(02efc669b146beb4d9755ec7845c3b00) Importer(815301076,1909f56bfc062723c751e8b465ee728b)
Start importing Assets/Data/ranking.xml using Guid(02efc669b146beb4d9755ec7845c3b00) Importer(815301076,1909f56bfc062723c751e8b465ee728b) [PhysX] Initialized MultithreadedTaskDispatcher with 24 workers.
 -> (artifact id: '00000000000000000000000000000000') in 0.000432 seconds
Import Error Code:(4)
Message: Build asset version error: assets/data/ranking.xml in SourceAssetDB has modification time of '2025-05-15T10:31:33.0693601Z' while content on disk has modification time of '2025-05-15T10:33:01.0077109Z'
  ERROR: Build asset version error: assets/data/ranking.xml in SourceAssetDB has modification time of '2025-05-15T10:31:33.0693601Z' while content on disk has modification time of '2025-05-15T10:33:01.0077109Z'
Number of updated asset objects reloaded before import = 0
Number of asset objects unloaded after import = 0
========================================================================
Received Import Request.
  Time since last request: 0.004471 seconds.
  path: Assets/Data/ranking.xml
  artifactKey: Guid(02efc669b146beb4d9755ec7845c3b00) Importer(815301076,1909f56bfc062723c751e8b465ee728b)
Start importing Assets/Data/ranking.xml using Guid(02efc669b146beb4d9755ec7845c3b00) Importer(815301076,1909f56bfc062723c751e8b465ee728b) [PhysX] Initialized MultithreadedTaskDispatcher with 24 workers.
 -> (artifact id: '00000000000000000000000000000000') in 0.000513 seconds
Import Error Code:(4)
Message: Build asset version error: assets/data/ranking.xml in SourceAssetDB has modification time of '2025-05-15T10:31:33.0693601Z' while content on disk has modification time of '2025-05-15T10:33:01.0077109Z'
  ERROR: Build asset version error: assets/data/ranking.xml in SourceAssetDB has modification time of '2025-05-15T10:31:33.0693601Z' while content on disk has modification time of '2025-05-15T10:33:01.0077109Z'
Number of updated asset objects reloaded before import = 0
Number of asset objects unloaded after import = 0
========================================================================
Received Import Request.
  Time since last request: 0.003971 seconds.
  path: Assets/Data/ranking.xml
  artifactKey: Guid(02efc669b146beb4d9755ec7845c3b00) Importer(815301076,1909f56bfc062723c751e8b465ee728b)
Start importing Assets/Data/ranking.xml using Guid(02efc669b146beb4d9755ec7845c3b00) Importer(815301076,1909f56bfc062723c751e8b465ee728b) [PhysX] Initialized MultithreadedTaskDispatcher with 24 workers.
 -> (artifact id: '00000000000000000000000000000000') in 0.000448 seconds
Import Error Code:(4)
Message: Build asset version error: assets/data/ranking.xml in SourceAssetDB has modification time of '2025-05-15T10:31:33.0693601Z' while content on disk has modification time of '2025-05-15T10:33:01.0077109Z'
  ERROR: Build asset version error: assets/data/ranking.xml in SourceAssetDB has modification time of '2025-05-15T10:31:33.0693601Z' while content on disk has modification time of '2025-05-15T10:33:01.0077109Z'
Number of updated asset objects reloaded before import = 0
Number of asset objects unloaded after import = 0
========================================================================
Received Import Request.
  Time since last request: 0.004114 seconds.
  path: Assets/Data/ranking.xml
  artifactKey: Guid(02efc669b146beb4d9755ec7845c3b00) Importer(815301076,1909f56bfc062723c751e8b465ee728b)
Start importing Assets/Data/ranking.xml using Guid(02efc669b146beb4d9755ec7845c3b00) Importer(815301076,1909f56bfc062723c751e8b465ee728b) [PhysX] Initialized MultithreadedTaskDispatcher with 24 workers.
 -> (artifact id: '00000000000000000000000000000000') in 0.000402 seconds
Import Error Code:(4)
Message: Build asset version error: assets/data/ranking.xml in SourceAssetDB has modification time of '2025-05-15T10:31:33.0693601Z' while content on disk has modification time of '2025-05-15T10:33:01.0077109Z'
  ERROR: Build asset version error: assets/data/ranking.xml in SourceAssetDB has modification time of '2025-05-15T10:31:33.0693601Z' while content on disk has modification time of '2025-05-15T10:33:01.0077109Z'
Number of updated asset objects reloaded before import = 0
Number of asset objects unloaded after import = 0
========================================================================
Received Import Request.
  Time since last request: 0.004214 seconds.
  path: Assets/Data/ranking.xml
  artifactKey: Guid(02efc669b146beb4d9755ec7845c3b00) Importer(815301076,1909f56bfc062723c751e8b465ee728b)
Start importing Assets/Data/ranking.xml using Guid(02efc669b146beb4d9755ec7845c3b00) Importer(815301076,1909f56bfc062723c751e8b465ee728b) [PhysX] Initialized MultithreadedTaskDispatcher with 24 workers.
 -> (artifact id: '00000000000000000000000000000000') in 0.000433 seconds
Import Error Code:(4)
Message: Build asset version error: assets/data/ranking.xml in SourceAssetDB has modification time of '2025-05-15T10:31:33.0693601Z' while content on disk has modification time of '2025-05-15T10:33:01.0077109Z'
  ERROR: Build asset version error: assets/data/ranking.xml in SourceAssetDB has modification time of '2025-05-15T10:31:33.0693601Z' while content on disk has modification time of '2025-05-15T10:33:01.0077109Z'
Number of updated asset objects reloaded before import = 0
Number of asset objects unloaded after import = 0
========================================================================
Received Import Request.
  Time since last request: 0.004204 seconds.
  path: Assets/Data/ranking.xml
  artifactKey: Guid(02efc669b146beb4d9755ec7845c3b00) Importer(815301076,1909f56bfc062723c751e8b465ee728b)
Start importing Assets/Data/ranking.xml using Guid(02efc669b146beb4d9755ec7845c3b00) Importer(815301076,1909f56bfc062723c751e8b465ee728b) [PhysX] Initialized MultithreadedTaskDispatcher with 24 workers.
 -> (artifact id: '00000000000000000000000000000000') in 0.000407 seconds
Import Error Code:(4)
Message: Build asset version error: assets/data/ranking.xml in SourceAssetDB has modification time of '2025-05-15T10:31:33.0693601Z' while content on disk has modification time of '2025-05-15T10:33:01.0077109Z'
  ERROR: Build asset version error: assets/data/ranking.xml in SourceAssetDB has modification time of '2025-05-15T10:31:33.0693601Z' while content on disk has modification time of '2025-05-15T10:33:01.0077109Z'
Number of updated asset objects reloaded before import = 0
Number of asset objects unloaded after import = 0
========================================================================
Received Import Request.
  Time since last request: 0.003743 seconds.
  path: Assets/Data/ranking.xml
  artifactKey: Guid(02efc669b146beb4d9755ec7845c3b00) Importer(815301076,1909f56bfc062723c751e8b465ee728b)
Start importing Assets/Data/ranking.xml using Guid(02efc669b146beb4d9755ec7845c3b00) Importer(815301076,1909f56bfc062723c751e8b465ee728b) [PhysX] Initialized MultithreadedTaskDispatcher with 24 workers.
 -> (artifact id: '00000000000000000000000000000000') in 0.000368 seconds
Import Error Code:(4)
Message: Build asset version error: assets/data/ranking.xml in SourceAssetDB has modification time of '2025-05-15T10:31:33.0693601Z' while content on disk has modification time of '2025-05-15T10:33:01.0077109Z'
  ERROR: Build asset version error: assets/data/ranking.xml in SourceAssetDB has modification time of '2025-05-15T10:31:33.0693601Z' while content on disk has modification time of '2025-05-15T10:33:01.0077109Z'
Number of updated asset objects reloaded before import = 0
Number of asset objects unloaded after import = 0
========================================================================
Received Import Request.
  Time since last request: 0.000193 seconds.
  path: Assets/Data/ranking.xml
  artifactKey: Guid(02efc669b146beb4d9755ec7845c3b00) Importer(815301076,1909f56bfc062723c751e8b465ee728b)
Start importing Assets/Data/ranking.xml using Guid(02efc669b146beb4d9755ec7845c3b00) Importer(815301076,1909f56bfc062723c751e8b465ee728b) [PhysX] Initialized MultithreadedTaskDispatcher with 24 workers.
 -> (artifact id: '00000000000000000000000000000000') in 0.000332 seconds
Import Error Code:(4)
Message: Build asset version error: assets/data/ranking.xml in SourceAssetDB has modification time of '2025-05-15T10:31:33.0693601Z' while content on disk has modification time of '2025-05-15T10:33:01.0077109Z'
  ERROR: Build asset version error: assets/data/ranking.xml in SourceAssetDB has modification time of '2025-05-15T10:31:33.0693601Z' while content on disk has modification time of '2025-05-15T10:33:01.0077109Z'
Number of updated asset objects reloaded before import = 0
Number of asset objects unloaded after import = 0
========================================================================
Received Import Request.
  Time since last request: 0.003318 seconds.
  path: Assets/Data/ranking.xml
  artifactKey: Guid(02efc669b146beb4d9755ec7845c3b00) Importer(815301076,1909f56bfc062723c751e8b465ee728b)
Start importing Assets/Data/ranking.xml using Guid(02efc669b146beb4d9755ec7845c3b00) Importer(815301076,1909f56bfc062723c751e8b465ee728b) [PhysX] Initialized MultithreadedTaskDispatcher with 24 workers.
 -> (artifact id: '00000000000000000000000000000000') in 0.000352 seconds
Import Error Code:(4)
Message: Build asset version error: assets/data/ranking.xml in SourceAssetDB has modification time of '2025-05-15T10:31:33.0693601Z' while content on disk has modification time of '2025-05-15T10:33:01.0077109Z'
  ERROR: Build asset version error: assets/data/ranking.xml in SourceAssetDB has modification time of '2025-05-15T10:31:33.0693601Z' while content on disk has modification time of '2025-05-15T10:33:01.0077109Z'
Number of updated asset objects reloaded before import = 0
Number of asset objects unloaded after import = 0
========================================================================
Received Import Request.
  Time since last request: 0.003753 seconds.
  path: Assets/Data/ranking.xml
  artifactKey: Guid(02efc669b146beb4d9755ec7845c3b00) Importer(815301076,1909f56bfc062723c751e8b465ee728b)
Start importing Assets/Data/ranking.xml using Guid(02efc669b146beb4d9755ec7845c3b00) Importer(815301076,1909f56bfc062723c751e8b465ee728b) [PhysX] Initialized MultithreadedTaskDispatcher with 24 workers.
 -> (artifact id: '00000000000000000000000000000000') in 0.000458 seconds
Import Error Code:(4)
Message: Build asset version error: assets/data/ranking.xml in SourceAssetDB has modification time of '2025-05-15T10:31:33.0693601Z' while content on disk has modification time of '2025-05-15T10:33:01.0077109Z'
  ERROR: Build asset version error: assets/data/ranking.xml in SourceAssetDB has modification time of '2025-05-15T10:31:33.0693601Z' while content on disk has modification time of '2025-05-15T10:33:01.0077109Z'
Number of updated asset objects reloaded before import = 0
Number of asset objects unloaded after import = 0
========================================================================
Received Import Request.
  Time since last request: 0.003838 seconds.
  path: Assets/Data/ranking.xml
  artifactKey: Guid(02efc669b146beb4d9755ec7845c3b00) Importer(815301076,1909f56bfc062723c751e8b465ee728b)
Start importing Assets/Data/ranking.xml using Guid(02efc669b146beb4d9755ec7845c3b00) Importer(815301076,1909f56bfc062723c751e8b465ee728b) [PhysX] Initialized MultithreadedTaskDispatcher with 24 workers.
 -> (artifact id: '00000000000000000000000000000000') in 0.000393 seconds
Import Error Code:(4)
Message: Build asset version error: assets/data/ranking.xml in SourceAssetDB has modification time of '2025-05-15T10:31:33.0693601Z' while content on disk has modification time of '2025-05-15T10:33:01.0077109Z'
  ERROR: Build asset version error: assets/data/ranking.xml in SourceAssetDB has modification time of '2025-05-15T10:31:33.0693601Z' while content on disk has modification time of '2025-05-15T10:33:01.0077109Z'
Number of updated asset objects reloaded before import = 0
Number of asset objects unloaded after import = 0
========================================================================
Received Import Request.
  Time since last request: 0.004063 seconds.
  path: Assets/Data/ranking.xml
  artifactKey: Guid(02efc669b146beb4d9755ec7845c3b00) Importer(815301076,1909f56bfc062723c751e8b465ee728b)
Start importing Assets/Data/ranking.xml using Guid(02efc669b146beb4d9755ec7845c3b00) Importer(815301076,1909f56bfc062723c751e8b465ee728b) [PhysX] Initialized MultithreadedTaskDispatcher with 24 workers.
 -> (artifact id: '00000000000000000000000000000000') in 0.000378 seconds
Import Error Code:(4)
Message: Build asset version error: assets/data/ranking.xml in SourceAssetDB has modification time of '2025-05-15T10:31:33.0693601Z' while content on disk has modification time of '2025-05-15T10:33:01.0077109Z'
  ERROR: Build asset version error: assets/data/ranking.xml in SourceAssetDB has modification time of '2025-05-15T10:31:33.0693601Z' while content on disk has modification time of '2025-05-15T10:33:01.0077109Z'
Number of updated asset objects reloaded before import = 0
Number of asset objects unloaded after import = 0
========================================================================
Received Import Request.
  Time since last request: 0.003328 seconds.
  path: Assets/Data/ranking.xml
  artifactKey: Guid(02efc669b146beb4d9755ec7845c3b00) Importer(815301076,1909f56bfc062723c751e8b465ee728b)
Start importing Assets/Data/ranking.xml using Guid(02efc669b146beb4d9755ec7845c3b00) Importer(815301076,1909f56bfc062723c751e8b465ee728b) [PhysX] Initialized MultithreadedTaskDispatcher with 24 workers.
 -> (artifact id: '00000000000000000000000000000000') in 0.000401 seconds
Import Error Code:(4)
Message: Build asset version error: assets/data/ranking.xml in SourceAssetDB has modification time of '2025-05-15T10:31:33.0693601Z' while content on disk has modification time of '2025-05-15T10:33:01.0077109Z'
  ERROR: Build asset version error: assets/data/ranking.xml in SourceAssetDB has modification time of '2025-05-15T10:31:33.0693601Z' while content on disk has modification time of '2025-05-15T10:33:01.0077109Z'
Number of updated asset objects reloaded before import = 0
Number of asset objects unloaded after import = 0
========================================================================
Received Prepare
Caller must complete domain reload
Begin MonoManager ReloadAssembly
- Loaded All Assemblies, in  0.266 seconds
Native extension for WindowsStandalone target not found
Native extension for Android target not found
Native extension for WebGL target not found
Mono: successfully reloaded assembly
- Finished resetting the current domain, in  0.424 seconds
Domain Reload Profiling: 689ms
	BeginReloadAssembly (96ms)
		ExecutionOrderSort (0ms)
		DisableScriptedObjects (3ms)
		BackupInstance (0ms)
		ReleaseScriptingObjects (0ms)
		CreateAndSetChildDomain (18ms)
	RebuildCommonClasses (19ms)
	RebuildNativeTypeToScriptingClass (7ms)
	initialDomainReloadingComplete (17ms)
	LoadAllAssembliesAndSetupDomain (126ms)
		LoadAssemblies (162ms)
		RebuildTransferFunctionScriptingTraits (0ms)
		AnalyzeDomain (16ms)
			TypeCache.Refresh (7ms)
				TypeCache.ScanAssembly (0ms)
			ScanForSourceGeneratedMonoScriptInfo (5ms)
			ResolveRequiredComponents (3ms)
	FinalizeReload (425ms)
		ReleaseScriptCaches (0ms)
		RebuildScriptCaches (0ms)
		SetupLoadedEditorAssemblies (232ms)
			LogAssemblyErrors (0ms)
			InitializePlatformSupportModulesInManaged (12ms)
			SetLoadedEditorAssemblies (3ms)
			RefreshPlugins (0ms)
			BeforeProcessingInitializeOnLoad (37ms)
			ProcessInitializeOnLoadAttributes (164ms)
			ProcessInitializeOnLoadMethodAttributes (12ms)
			AfterProcessingInitializeOnLoad (4ms)
			EditorAssembliesLoaded (0ms)
		ExecutionOrderSort2 (0ms)
		AwakeInstancesAfterBackupRestoration (4ms)
Refreshing native plugins compatible for Editor in 0.82 ms, found 3 plugins.
Preloading 0 native plugins for Editor in 0.00 ms.
Unloading 3155 Unused Serialized files (Serialized files now loaded: 0)
Unloading 14 unused Assets / (28.5 KB). Loaded Objects now: 3686.
Memory consumption went from 120.6 MB to 120.6 MB.
Total: 1.884600 ms (FindLiveObjects: 0.150900 ms CreateObjectMapping: 0.061900 ms MarkObjects: 1.642400 ms  DeleteObjects: 0.028600 ms)

Prepare: number of updated asset objects reloaded= 0
AssetImportParameters requested are different than current active one (requested -> active):
  custom:container-demuxer-ogg: 62fdf1f143b41e24485cea50d1cbac27 -> 
  custom:video-codec-MediaFoundation-h265: 746d11721c4dcdbdad8f713fa42b33f4 -> 
  custom:video-decoder-ogg-theora: a1e56fd34408186e4bbccfd4996cb3dc -> 
  custom:framework-win-MediaFoundation: 216162199b28c13a410421893ffa2e32 -> 
  custom:CustomObjectIndexerAttribute: 9a22284fe3817be447336de3de66b15e -> 
  custom:container-demuxer-webm: 4f35f7cbe854078d1ac9338744f61a02 -> 
  custom:scripting/monoscript/fileName/jjjj.cs: efb25e07c7eaa6e34e51bb8f2a345a77 -> 
  custom:container-muxer-webm: aa71ff27fc2769a1b78a27578f13a17b -> 
  custom:video-decoder-webm-vp8: 9c59270c3fd7afecdb556c50c9e8de78 -> 
  custom:SearchIndexIgnoredProperties: e643bd26f0fe6173181afceb89e7c659 -> 
  custom:AudioImporter_EditorPlatform: d09bf68614088b80899f8185d706f6e7 -> 
  custom:video-encoder-webm-vp8: eb34c28f22e8b96e1ab97ce403110664 -> 
  custom:audio-decoder-ogg-vorbis: bf7c407c2cedff20999df2af8eb42d56 -> 
  custom:audio-encoder-webm-vorbis: bf7c407c2cedff20999df2af8eb42d56 -> 
========================================================================
Received Prepare
Caller must complete domain reload
Begin MonoManager ReloadAssembly
- Loaded All Assemblies, in  0.249 seconds
Native extension for WindowsStandalone target not found
Native extension for Android target not found
Native extension for WebGL target not found
Mono: successfully reloaded assembly
- Finished resetting the current domain, in  0.440 seconds
Domain Reload Profiling: 689ms
	BeginReloadAssembly (92ms)
		ExecutionOrderSort (0ms)
		DisableScriptedObjects (3ms)
		BackupInstance (0ms)
		ReleaseScriptingObjects (0ms)
		CreateAndSetChildDomain (17ms)
	RebuildCommonClasses (19ms)
	RebuildNativeTypeToScriptingClass (11ms)
	initialDomainReloadingComplete (16ms)
	LoadAllAssembliesAndSetupDomain (110ms)
		LoadAssemblies (150ms)
		RebuildTransferFunctionScriptingTraits (0ms)
		AnalyzeDomain (9ms)
			TypeCache.Refresh (4ms)
				TypeCache.ScanAssembly (0ms)
			ScanForSourceGeneratedMonoScriptInfo (0ms)
			ResolveRequiredComponents (4ms)
	FinalizeReload (441ms)
		ReleaseScriptCaches (0ms)
		RebuildScriptCaches (0ms)
		SetupLoadedEditorAssemblies (246ms)
			LogAssemblyErrors (0ms)
			InitializePlatformSupportModulesInManaged (11ms)
			SetLoadedEditorAssemblies (3ms)
			RefreshPlugins (0ms)
			BeforeProcessingInitializeOnLoad (35ms)
			ProcessInitializeOnLoadAttributes (172ms)
			ProcessInitializeOnLoadMethodAttributes (19ms)
			AfterProcessingInitializeOnLoad (5ms)
			EditorAssembliesLoaded (0ms)
		ExecutionOrderSort2 (0ms)
		AwakeInstancesAfterBackupRestoration (5ms)
Refreshing native plugins compatible for Editor in 1.16 ms, found 3 plugins.
Preloading 0 native plugins for Editor in 0.00 ms.
Unloading 3156 Unused Serialized files (Serialized files now loaded: 0)
Unloading 14 unused Assets / (28.5 KB). Loaded Objects now: 3689.
Memory consumption went from 120.8 MB to 120.8 MB.
Total: 2.106700 ms (FindLiveObjects: 0.155000 ms CreateObjectMapping: 0.064500 ms MarkObjects: 1.857700 ms  DeleteObjects: 0.028700 ms)

Prepare: number of updated asset objects reloaded= 0
AssetImportParameters requested are different than current active one (requested -> active):
  custom:container-demuxer-ogg: 62fdf1f143b41e24485cea50d1cbac27 -> 
  custom:video-codec-MediaFoundation-h265: 746d11721c4dcdbdad8f713fa42b33f4 -> 
  custom:video-decoder-ogg-theora: a1e56fd34408186e4bbccfd4996cb3dc -> 
  custom:framework-win-MediaFoundation: 216162199b28c13a410421893ffa2e32 -> 
  custom:CustomObjectIndexerAttribute: 9a22284fe3817be447336de3de66b15e -> 
  custom:container-demuxer-webm: 4f35f7cbe854078d1ac9338744f61a02 -> 
  custom:scripting/monoscript/fileName/jjjj.cs: efb25e07c7eaa6e34e51bb8f2a345a77 -> 
  custom:container-muxer-webm: aa71ff27fc2769a1b78a27578f13a17b -> 
  custom:video-decoder-webm-vp8: 9c59270c3fd7afecdb556c50c9e8de78 -> 
  custom:SearchIndexIgnoredProperties: e643bd26f0fe6173181afceb89e7c659 -> 
  custom:AudioImporter_EditorPlatform: d09bf68614088b80899f8185d706f6e7 -> 
  custom:video-encoder-webm-vp8: eb34c28f22e8b96e1ab97ce403110664 -> 
  custom:audio-decoder-ogg-vorbis: bf7c407c2cedff20999df2af8eb42d56 -> 
  custom:audio-encoder-webm-vorbis: bf7c407c2cedff20999df2af8eb42d56 -> 
========================================================================
Received Import Request.
  Time since last request: 36.145834 seconds.
  path: Assets/Data/ranking.xml
  artifactKey: Guid(02efc669b146beb4d9755ec7845c3b00) Importer(815301076,1909f56bfc062723c751e8b465ee728b)
Start importing Assets/Data/ranking.xml using Guid(02efc669b146beb4d9755ec7845c3b00) Importer(815301076,1909f56bfc062723c751e8b465ee728b) [PhysX] Initialized MultithreadedTaskDispatcher with 24 workers.
 -> (artifact id: 'b4512db101102e72916d70c6876ec5b9') in 0.009670 seconds
Number of updated asset objects reloaded before import = 0
Number of asset objects unloaded after import = 1
========================================================================
Received Prepare
Caller must complete domain reload
Begin MonoManager ReloadAssembly
- Loaded All Assemblies, in  0.256 seconds
Native extension for WindowsStandalone target not found
Native extension for Android target not found
Native extension for WebGL target not found
Mono: successfully reloaded assembly
- Finished resetting the current domain, in  0.414 seconds
Domain Reload Profiling: 669ms
	BeginReloadAssembly (95ms)
		ExecutionOrderSort (0ms)
		DisableScriptedObjects (3ms)
		BackupInstance (0ms)
		ReleaseScriptingObjects (0ms)
		CreateAndSetChildDomain (18ms)
	RebuildCommonClasses (19ms)
	RebuildNativeTypeToScriptingClass (6ms)
	initialDomainReloadingComplete (17ms)
	LoadAllAssembliesAndSetupDomain (118ms)
		LoadAssemblies (160ms)
		RebuildTransferFunctionScriptingTraits (0ms)
		AnalyzeDomain (10ms)
			TypeCache.Refresh (5ms)
				TypeCache.ScanAssembly (0ms)
			ScanForSourceGeneratedMonoScriptInfo (0ms)
			ResolveRequiredComponents (4ms)
	FinalizeReload (414ms)
		ReleaseScriptCaches (0ms)
		RebuildScriptCaches (0ms)
		SetupLoadedEditorAssemblies (222ms)
			LogAssemblyErrors (0ms)
			InitializePlatformSupportModulesInManaged (11ms)
			SetLoadedEditorAssemblies (3ms)
			RefreshPlugins (0ms)
			BeforeProcessingInitializeOnLoad (33ms)
			ProcessInitializeOnLoadAttributes (159ms)
			ProcessInitializeOnLoadMethodAttributes (14ms)
			AfterProcessingInitializeOnLoad (3ms)
			EditorAssembliesLoaded (0ms)
		ExecutionOrderSort2 (0ms)
		AwakeInstancesAfterBackupRestoration (4ms)
Refreshing native plugins compatible for Editor in 0.76 ms, found 3 plugins.
Preloading 0 native plugins for Editor in 0.00 ms.
Unloading 3155 Unused Serialized files (Serialized files now loaded: 0)
Unloading 14 unused Assets / (28.5 KB). Loaded Objects now: 3692.
Memory consumption went from 120.6 MB to 120.6 MB.
Total: 1.835300 ms (FindLiveObjects: 0.142800 ms CreateObjectMapping: 0.052100 ms MarkObjects: 1.614600 ms  DeleteObjects: 0.024900 ms)

Prepare: number of updated asset objects reloaded= 0
AssetImportParameters requested are different than current active one (requested -> active):
  custom:container-demuxer-ogg: 62fdf1f143b41e24485cea50d1cbac27 -> 
  custom:video-codec-MediaFoundation-h265: 746d11721c4dcdbdad8f713fa42b33f4 -> 
  custom:video-decoder-ogg-theora: a1e56fd34408186e4bbccfd4996cb3dc -> 
  custom:framework-win-MediaFoundation: 216162199b28c13a410421893ffa2e32 -> 
  custom:CustomObjectIndexerAttribute: 9a22284fe3817be447336de3de66b15e -> 
  custom:container-demuxer-webm: 4f35f7cbe854078d1ac9338744f61a02 -> 
  custom:scripting/monoscript/fileName/jjjj.cs: efb25e07c7eaa6e34e51bb8f2a345a77 -> 
  custom:container-muxer-webm: aa71ff27fc2769a1b78a27578f13a17b -> 
  custom:video-decoder-webm-vp8: 9c59270c3fd7afecdb556c50c9e8de78 -> 
  custom:SearchIndexIgnoredProperties: e643bd26f0fe6173181afceb89e7c659 -> 
  custom:AudioImporter_EditorPlatform: d09bf68614088b80899f8185d706f6e7 -> 
  custom:video-encoder-webm-vp8: eb34c28f22e8b96e1ab97ce403110664 -> 
  custom:audio-decoder-ogg-vorbis: bf7c407c2cedff20999df2af8eb42d56 -> 
  custom:audio-encoder-webm-vorbis: bf7c407c2cedff20999df2af8eb42d56 -> 
========================================================================
Received Prepare
Caller must complete domain reload
Begin MonoManager ReloadAssembly
- Loaded All Assemblies, in  0.253 seconds
Native extension for WindowsStandalone target not found
Native extension for Android target not found
Native extension for WebGL target not found
Mono: successfully reloaded assembly
- Finished resetting the current domain, in  0.413 seconds
Domain Reload Profiling: 666ms
	BeginReloadAssembly (95ms)
		ExecutionOrderSort (0ms)
		DisableScriptedObjects (3ms)
		BackupInstance (0ms)
		ReleaseScriptingObjects (0ms)
		CreateAndSetChildDomain (17ms)
	RebuildCommonClasses (19ms)
	RebuildNativeTypeToScriptingClass (6ms)
	initialDomainReloadingComplete (17ms)
	LoadAllAssembliesAndSetupDomain (115ms)
		LoadAssemblies (158ms)
		RebuildTransferFunctionScriptingTraits (0ms)
		AnalyzeDomain (10ms)
			TypeCache.Refresh (5ms)
				TypeCache.ScanAssembly (0ms)
			ScanForSourceGeneratedMonoScriptInfo (0ms)
			ResolveRequiredComponents (3ms)
	FinalizeReload (414ms)
		ReleaseScriptCaches (0ms)
		RebuildScriptCaches (0ms)
		SetupLoadedEditorAssemblies (223ms)
			LogAssemblyErrors (0ms)
			InitializePlatformSupportModulesInManaged (11ms)
			SetLoadedEditorAssemblies (3ms)
			RefreshPlugins (0ms)
			BeforeProcessingInitializeOnLoad (35ms)
			ProcessInitializeOnLoadAttributes (159ms)
			ProcessInitializeOnLoadMethodAttributes (12ms)
			AfterProcessingInitializeOnLoad (3ms)
			EditorAssembliesLoaded (0ms)
		ExecutionOrderSort2 (0ms)
		AwakeInstancesAfterBackupRestoration (4ms)
Refreshing native plugins compatible for Editor in 0.76 ms, found 3 plugins.
Preloading 0 native plugins for Editor in 0.00 ms.
Unloading 3156 Unused Serialized files (Serialized files now loaded: 0)
Unloading 14 unused Assets / (28.5 KB). Loaded Objects now: 3695.
Memory consumption went from 120.8 MB to 120.8 MB.
Total: 1.833600 ms (FindLiveObjects: 0.141400 ms CreateObjectMapping: 0.058400 ms MarkObjects: 1.608000 ms  DeleteObjects: 0.025200 ms)

Prepare: number of updated asset objects reloaded= 0
AssetImportParameters requested are different than current active one (requested -> active):
  custom:container-demuxer-ogg: 62fdf1f143b41e24485cea50d1cbac27 -> 
  custom:video-codec-MediaFoundation-h265: 746d11721c4dcdbdad8f713fa42b33f4 -> 
  custom:video-decoder-ogg-theora: a1e56fd34408186e4bbccfd4996cb3dc -> 
  custom:framework-win-MediaFoundation: 216162199b28c13a410421893ffa2e32 -> 
  custom:CustomObjectIndexerAttribute: 9a22284fe3817be447336de3de66b15e -> 
  custom:container-demuxer-webm: 4f35f7cbe854078d1ac9338744f61a02 -> 
  custom:scripting/monoscript/fileName/jjjj.cs: efb25e07c7eaa6e34e51bb8f2a345a77 -> 
  custom:container-muxer-webm: aa71ff27fc2769a1b78a27578f13a17b -> 
  custom:video-decoder-webm-vp8: 9c59270c3fd7afecdb556c50c9e8de78 -> 
  custom:SearchIndexIgnoredProperties: e643bd26f0fe6173181afceb89e7c659 -> 
  custom:AudioImporter_EditorPlatform: d09bf68614088b80899f8185d706f6e7 -> 
  custom:video-encoder-webm-vp8: eb34c28f22e8b96e1ab97ce403110664 -> 
  custom:audio-decoder-ogg-vorbis: bf7c407c2cedff20999df2af8eb42d56 -> 
  custom:audio-encoder-webm-vorbis: bf7c407c2cedff20999df2af8eb42d56 -> 
========================================================================
Received Prepare
Caller must complete domain reload
Begin MonoManager ReloadAssembly
- Loaded All Assemblies, in  0.261 seconds
Native extension for WindowsStandalone target not found
Native extension for Android target not found
Native extension for WebGL target not found
Mono: successfully reloaded assembly
- Finished resetting the current domain, in  0.426 seconds
Domain Reload Profiling: 687ms
	BeginReloadAssembly (94ms)
		ExecutionOrderSort (0ms)
		DisableScriptedObjects (3ms)
		BackupInstance (0ms)
		ReleaseScriptingObjects (0ms)
		CreateAndSetChildDomain (17ms)
	RebuildCommonClasses (19ms)
	RebuildNativeTypeToScriptingClass (6ms)
	initialDomainReloadingComplete (16ms)
	LoadAllAssembliesAndSetupDomain (124ms)
		LoadAssemblies (157ms)
		RebuildTransferFunctionScriptingTraits (0ms)
		AnalyzeDomain (19ms)
			TypeCache.Refresh (8ms)
				TypeCache.ScanAssembly (1ms)
			ScanForSourceGeneratedMonoScriptInfo (6ms)
			ResolveRequiredComponents (4ms)
	FinalizeReload (427ms)
		ReleaseScriptCaches (0ms)
		RebuildScriptCaches (0ms)
		SetupLoadedEditorAssemblies (230ms)
			LogAssemblyErrors (0ms)
			InitializePlatformSupportModulesInManaged (11ms)
			SetLoadedEditorAssemblies (3ms)
			RefreshPlugins (0ms)
			BeforeProcessingInitializeOnLoad (37ms)
			ProcessInitializeOnLoadAttributes (163ms)
			ProcessInitializeOnLoadMethodAttributes (13ms)
			AfterProcessingInitializeOnLoad (3ms)
			EditorAssembliesLoaded (0ms)
		ExecutionOrderSort2 (0ms)
		AwakeInstancesAfterBackupRestoration (4ms)
Refreshing native plugins compatible for Editor in 0.78 ms, found 3 plugins.
Preloading 0 native plugins for Editor in 0.00 ms.
Unloading 3156 Unused Serialized files (Serialized files now loaded: 0)
Unloading 14 unused Assets / (28.5 KB). Loaded Objects now: 3698.
Memory consumption went from 120.8 MB to 120.8 MB.
Total: 1.939200 ms (FindLiveObjects: 0.149800 ms CreateObjectMapping: 0.056300 ms MarkObjects: 1.702100 ms  DeleteObjects: 0.030100 ms)

Prepare: number of updated asset objects reloaded= 0
AssetImportParameters requested are different than current active one (requested -> active):
  custom:container-demuxer-ogg: 62fdf1f143b41e24485cea50d1cbac27 -> 
  custom:video-codec-MediaFoundation-h265: 746d11721c4dcdbdad8f713fa42b33f4 -> 
  custom:video-decoder-ogg-theora: a1e56fd34408186e4bbccfd4996cb3dc -> 
  custom:framework-win-MediaFoundation: 216162199b28c13a410421893ffa2e32 -> 
  custom:CustomObjectIndexerAttribute: 9a22284fe3817be447336de3de66b15e -> 
  custom:container-demuxer-webm: 4f35f7cbe854078d1ac9338744f61a02 -> 
  custom:scripting/monoscript/fileName/jjjj.cs: efb25e07c7eaa6e34e51bb8f2a345a77 -> 
  custom:container-muxer-webm: aa71ff27fc2769a1b78a27578f13a17b -> 
  custom:video-decoder-webm-vp8: 9c59270c3fd7afecdb556c50c9e8de78 -> 
  custom:SearchIndexIgnoredProperties: e643bd26f0fe6173181afceb89e7c659 -> 
  custom:AudioImporter_EditorPlatform: d09bf68614088b80899f8185d706f6e7 -> 
  custom:video-encoder-webm-vp8: eb34c28f22e8b96e1ab97ce403110664 -> 
  custom:audio-decoder-ogg-vorbis: bf7c407c2cedff20999df2af8eb42d56 -> 
  custom:audio-encoder-webm-vorbis: bf7c407c2cedff20999df2af8eb42d56 -> 
========================================================================
Received Prepare
Refreshing native plugins compatible for Editor in 0.97 ms, found 3 plugins.
Preloading 0 native plugins for Editor in 0.00 ms.
Unloading 1 Unused Serialized files (Serialized files now loaded: 0)
Unloading 1 unused Assets / (3.1 KB). Loaded Objects now: 3698.
Memory consumption went from 72.0 MB to 72.0 MB.
Total: 2.059800 ms (FindLiveObjects: 0.195100 ms CreateObjectMapping: 0.074600 ms MarkObjects: 1.771400 ms  DeleteObjects: 0.017900 ms)

Prepare: number of updated asset objects reloaded= 0
AssetImportParameters requested are different than current active one (requested -> active):
  custom:container-demuxer-ogg: 62fdf1f143b41e24485cea50d1cbac27 -> 
  custom:video-codec-MediaFoundation-h265: 746d11721c4dcdbdad8f713fa42b33f4 -> 
  custom:video-decoder-ogg-theora: a1e56fd34408186e4bbccfd4996cb3dc -> 
  custom:framework-win-MediaFoundation: 216162199b28c13a410421893ffa2e32 -> 
  custom:CustomObjectIndexerAttribute: 9a22284fe3817be447336de3de66b15e -> 
  custom:container-demuxer-webm: 4f35f7cbe854078d1ac9338744f61a02 -> 
  custom:scripting/monoscript/fileName/jjjj.cs: efb25e07c7eaa6e34e51bb8f2a345a77 -> 
  custom:container-muxer-webm: aa71ff27fc2769a1b78a27578f13a17b -> 
  custom:video-decoder-webm-vp8: 9c59270c3fd7afecdb556c50c9e8de78 -> 
  custom:SearchIndexIgnoredProperties: e643bd26f0fe6173181afceb89e7c659 -> 
  custom:AudioImporter_EditorPlatform: d09bf68614088b80899f8185d706f6e7 -> 
  custom:video-encoder-webm-vp8: eb34c28f22e8b96e1ab97ce403110664 -> 
  custom:audio-decoder-ogg-vorbis: bf7c407c2cedff20999df2af8eb42d56 -> 
  custom:audio-encoder-webm-vorbis: bf7c407c2cedff20999df2af8eb42d56 -> 
