{"cameraMode":{"drawMode":0,"name":"Shaded","section":"Shading Mode"},"sceneLighting":false,"audioPlay":false,"sceneViewState":{"m_AlwaysRefresh":false,"showFog":true,"showSkybox":false,"showFlares":true,"showImageEffects":true,"showParticleSystems":true,"showVisualEffectGraphs":true,"m_FxEnabled":true},"in2DMode":false,"pivot":{"x":1.282137393951416,"y":-0.36214473843574526,"z":-0.524779200553894},"rotation":{"x":0.009505800902843476,"y":0.6944131255149841,"z":0.009167696349322796,"w":-0.7194629311561585},"size":0.7316755652427673,"orthographic":false}